id,summary
472779091,요약문
472779092,요약문
472779093,요약문
472779094,요약문
472779095,요약문
472779096,요약문
472779097,요약문
472779098,요약문
472779099,요약문
472779100,요약문
472779101,요약문
472779102,요약문
472779103,요약문
472779104,요약문
472779105,요약문
472779106,요약문
472779107,요약문
472779108,요약문
472779109,요약문
472779110,요약문
472779111,요약문
472779112,요약문
472779113,요약문
472779114,요약문
472779115,요약문
472779116,요약문
472779117,요약문
472779118,요약문
472779119,요약문
472779120,요약문
472779121,요약문
472779122,요약문
472779123,요약문
472779124,요약문
472779125,요약문
472779126,요약문
472779127,요약문
472779128,요약문
472779129,요약문
472779130,요약문
472779131,요약문
472779132,요약문
472779133,요약문
472779134,요약문
472779135,요약문
472779136,요약문
472779137,요약문
472779138,요약문
472779139,요약문
472779140,요약문
472779141,요약문
472779142,요약문
472779143,요약문
472779144,요약문
472779145,요약문
472779146,요약문
472779147,요약문
472779148,요약문
472779149,요약문
472779150,요약문
472779151,요약문
472779152,요약문
472779153,요약문
472779154,요약문
472779155,요약문
472779156,요약문
472779157,요약문
472779158,요약문
472779159,요약문
472779160,요약문
472779161,요약문
472779162,요약문
472779163,요약문
472779164,요약문
472779165,요약문
472779166,요약문
472779167,요약문
472779168,요약문
472779169,요약문
472779170,요약문
472779171,요약문
472779172,요약문
472779173,요약문
472779174,요약문
472779175,요약문
472779176,요약문
472779177,요약문
472779178,요약문
472779179,요약문
472779180,요약문
472779181,요약문
472779182,요약문
472779183,요약문
472779184,요약문
472779185,요약문
472779186,요약문
472779187,요약문
472779188,요약문
472779189,요약문
472779190,요약문
472779191,요약문
472779192,요약문
472779193,요약문
472779194,요약문
472779195,요약문
472779196,요약문
472779197,요약문
472779198,요약문
472779199,요약문
472779200,요약문
472779201,요약문
472779202,요약문
472779203,요약문
472779204,요약문
472779205,요약문
472779206,요약문
472779207,요약문
472779208,요약문
472779209,요약문
472779210,요약문
472779211,요약문
472779212,요약문
472779213,요약문
472779214,요약문
472779215,요약문
472779216,요약문
472779217,요약문
472779218,요약문
472779219,요약문
472779220,요약문
472779221,요약문
472779222,요약문
472779223,요약문
472779224,요약문
472779225,요약문
472779226,요약문
472779227,요약문
472779228,요약문
472779229,요약문
472779230,요약문
472779231,요약문
472779232,요약문
472779233,요약문
472779234,요약문
472779235,요약문
472779236,요약문
472779237,요약문
472779238,요약문
472779239,요약문
472779240,요약문
472779241,요약문
472779242,요약문
472779243,요약문
472779244,요약문
472779245,요약문
472779246,요약문
472779247,요약문
472779248,요약문
472779249,요약문
472779250,요약문
472779251,요약문
472779252,요약문
472779253,요약문
472779254,요약문
472779255,요약문
472779256,요약문
472779257,요약문
472779258,요약문
472779259,요약문
472779260,요약문
472779261,요약문
472779262,요약문
472779263,요약문
472779264,요약문
472779265,요약문
472779266,요약문
472779267,요약문
472779268,요약문
472779269,요약문
472779270,요약문
472779271,요약문
472779272,요약문
472779273,요약문
472779274,요약문
472779275,요약문
472779276,요약문
472779277,요약문
472779278,요약문
472779279,요약문
472779280,요약문
472779281,요약문
472779282,요약문
472779283,요약문
472779284,요약문
472779285,요약문
472779286,요약문
472779287,요약문
472779288,요약문
472779289,요약문
472779290,요약문
472779291,요약문
472779292,요약문
472779293,요약문
472779294,요약문
472779295,요약문
472779296,요약문
472779297,요약문
472779298,요약문
472779299,요약문
472779300,요약문
472779301,요약문
472779302,요약문
472779303,요약문
472779304,요약문
472779305,요약문
472779306,요약문
472779307,요약문
472779308,요약문
472779309,요약문
472779310,요약문
472779311,요약문
472779312,요약문
472779313,요약문
472779314,요약문
472779315,요약문
472779316,요약문
472779317,요약문
472779318,요약문
472779319,요약문
472779320,요약문
472779321,요약문
472779322,요약문
472779323,요약문
472779324,요약문
472779325,요약문
472779326,요약문
472779327,요약문
472779328,요약문
472779329,요약문
472779330,요약문
472779331,요약문
472779332,요약문
472779333,요약문
472779334,요약문
472779335,요약문
472779336,요약문
472779337,요약문
472779338,요약문
472779339,요약문
472779340,요약문
472779341,요약문
472779342,요약문
472779343,요약문
472779344,요약문
472779345,요약문
472779346,요약문
472779347,요약문
472779348,요약문
472779349,요약문
472779350,요약문
472779351,요약문
472779352,요약문
472779353,요약문
472779354,요약문
472779355,요약문
472779356,요약문
472779357,요약문
472779358,요약문
472779359,요약문
472779360,요약문
472779361,요약문
472779362,요약문
472779363,요약문
472779364,요약문
472779365,요약문
472779366,요약문
472779367,요약문
472779368,요약문
472779369,요약문
472779370,요약문
472779371,요약문
472779372,요약문
472779373,요약문
472779374,요약문
472779375,요약문
472779376,요약문
472779377,요약문
472779378,요약문
472779379,요약문
472779380,요약문
472779381,요약문
472779382,요약문
472779383,요약문
472779384,요약문
472779385,요약문
472779386,요약문
472779387,요약문
472779388,요약문
472779389,요약문
472779390,요약문
472779391,요약문
472779392,요약문
472779393,요약문
472779394,요약문
472779395,요약문
472779396,요약문
472779397,요약문
472779398,요약문
472779399,요약문
472779400,요약문
472779401,요약문
472779402,요약문
472779403,요약문
472779404,요약문
472779405,요약문
472779406,요약문
472779407,요약문
472779408,요약문
472779409,요약문
472779410,요약문
472779411,요약문
472779412,요약문
472779413,요약문
472779414,요약문
472779415,요약문
472779416,요약문
472779417,요약문
472779418,요약문
472779419,요약문
472779420,요약문
472779421,요약문
472779422,요약문
472779423,요약문
472779424,요약문
472779425,요약문
472779426,요약문
472779427,요약문
472779428,요약문
472779429,요약문
472779430,요약문
472779431,요약문
472779432,요약문
472779433,요약문
472779434,요약문
472779435,요약문
472779436,요약문
472779437,요약문
472779438,요약문
472779439,요약문
472779440,요약문
472779441,요약문
472779442,요약문
472779443,요약문
472779444,요약문
472779445,요약문
472779446,요약문
472779447,요약문
472779448,요약문
472779449,요약문
472779450,요약문
472779451,요약문
472779452,요약문
472779453,요약문
472779454,요약문
472779455,요약문
472779456,요약문
472779457,요약문
472779458,요약문
472779459,요약문
472779460,요약문
472779461,요약문
472779462,요약문
472779463,요약문
472779464,요약문
472779465,요약문
472779466,요약문
472779467,요약문
472779468,요약문
472779469,요약문
472779470,요약문
472779471,요약문
472779472,요약문
472779473,요약문
472779474,요약문
472779475,요약문
472779476,요약문
472779477,요약문
472779478,요약문
472779479,요약문
472779480,요약문
472779481,요약문
472779482,요약문
472779483,요약문
472779484,요약문
472779485,요약문
472779486,요약문
472779487,요약문
472779488,요약문
472779489,요약문
472779490,요약문
472779491,요약문
472779492,요약문
472779493,요약문
472779494,요약문
472779495,요약문
472779496,요약문
472779497,요약문
472779498,요약문
472779499,요약문
472779500,요약문
472779501,요약문
472779502,요약문
472779503,요약문
472779504,요약문
472779505,요약문
472779506,요약문
472779507,요약문
472779508,요약문
472779509,요약문
472779510,요약문
472779511,요약문
472779512,요약문
472779513,요약문
472779514,요약문
472779515,요약문
472779516,요약문
472779517,요약문
472779518,요약문
472779519,요약문
472779520,요약문
472779521,요약문
472779522,요약문
472779523,요약문
472779524,요약문
472779525,요약문
472779526,요약문
472779527,요약문
472779528,요약문
472779529,요약문
472779530,요약문
472779531,요약문
472779532,요약문
472779533,요약문
472779534,요약문
472779535,요약문
472779536,요약문
472779537,요약문
472779538,요약문
472779539,요약문
472779540,요약문
472779541,요약문
472779542,요약문
472779543,요약문
472779544,요약문
472779545,요약문
472779546,요약문
472779547,요약문
472779548,요약문
472779549,요약문
472779550,요약문
472779551,요약문
472779552,요약문
472779553,요약문
472779554,요약문
472779555,요약문
472779556,요약문
472779557,요약문
472779558,요약문
472779559,요약문
472779560,요약문
472779561,요약문
472779562,요약문
472779563,요약문
472779564,요약문
472779565,요약문
472779566,요약문
472779567,요약문
472779568,요약문
472779569,요약문
472779570,요약문
472779571,요약문
472779572,요약문
472779573,요약문
472779574,요약문
472779575,요약문
472779576,요약문
472779577,요약문
472779578,요약문
472779579,요약문
472779580,요약문
472779581,요약문
472779582,요약문
472779583,요약문
472779584,요약문
472779585,요약문
472779586,요약문
472779587,요약문
472779588,요약문
472779589,요약문
472779590,요약문
472779591,요약문
472779592,요약문
472779593,요약문
472779594,요약문
472779595,요약문
472779596,요약문
472779597,요약문
472779598,요약문
472779599,요약문
472779600,요약문
472779601,요약문
472779602,요약문
472779603,요약문
472779604,요약문
472779605,요약문
472779606,요약문
472779607,요약문
472779608,요약문
472779609,요약문
472779610,요약문
472779611,요약문
472779612,요약문
472779613,요약문
472779614,요약문
472779615,요약문
472779616,요약문
472779617,요약문
472779618,요약문
472779619,요약문
472779620,요약문
472779621,요약문
472779622,요약문
472779623,요약문
472779624,요약문
472779625,요약문
472779626,요약문
472779627,요약문
472779628,요약문
472779629,요약문
472779630,요약문
472779631,요약문
472779632,요약문
472779633,요약문
472779634,요약문
472779635,요약문
472779636,요약문
472779637,요약문
472779638,요약문
472779639,요약문
472779640,요약문
472779641,요약문
472779642,요약문
472779643,요약문
472779644,요약문
472779645,요약문
472779646,요약문
472779647,요약문
472779648,요약문
472779649,요약문
472779650,요약문
472779651,요약문
472779652,요약문
472779653,요약문
472779654,요약문
472779655,요약문
472779656,요약문
472779657,요약문
472779658,요약문
472779659,요약문
472779660,요약문
472779661,요약문
472779662,요약문
472779663,요약문
472779664,요약문
472779665,요약문
472779666,요약문
472779667,요약문
472779668,요약문
472779669,요약문
472779670,요약문
472779671,요약문
472779672,요약문
472779673,요약문
472779674,요약문
472779675,요약문
472779676,요약문
472779677,요약문
472779678,요약문
472779679,요약문
472779680,요약문
472779681,요약문
472779682,요약문
472779683,요약문
472779684,요약문
472779685,요약문
472779686,요약문
472779687,요약문
472779688,요약문
472779689,요약문
472779690,요약문
472779691,요약문
472779692,요약문
472779693,요약문
472779694,요약문
472779695,요약문
472779696,요약문
472779697,요약문
472779698,요약문
472779699,요약문
472779700,요약문
472779701,요약문
472779702,요약문
472779703,요약문
472779704,요약문
472779705,요약문
472779706,요약문
472779707,요약문
472779708,요약문
472779709,요약문
472779710,요약문
472779711,요약문
472779712,요약문
472779713,요약문
472779714,요약문
472779715,요약문
472779716,요약문
472779717,요약문
472779718,요약문
472779719,요약문
472779720,요약문
472779721,요약문
472779722,요약문
472779723,요약문
472779724,요약문
472779725,요약문
472779726,요약문
472779727,요약문
472779728,요약문
472779729,요약문
472779730,요약문
472779731,요약문
472779732,요약문
472779733,요약문
472779734,요약문
472779735,요약문
472779736,요약문
472779737,요약문
472779738,요약문
472779739,요약문
472779740,요약문
472779741,요약문
472779742,요약문
472779743,요약문
472779744,요약문
472779745,요약문
472779746,요약문
472779747,요약문
472779748,요약문
472779749,요약문
472779750,요약문
472779751,요약문
472779752,요약문
472779753,요약문
472779754,요약문
472779755,요약문
472779756,요약문
472779757,요약문
472779758,요약문
472779759,요약문
472779760,요약문
472779761,요약문
472779762,요약문
472779763,요약문
472779764,요약문
472779765,요약문
472779766,요약문
472779767,요약문
472779768,요약문
472779769,요약문
472779770,요약문
472779771,요약문
472779772,요약문
472779773,요약문
472779774,요약문
472779775,요약문
472779776,요약문
472779777,요약문
472779778,요약문
472779779,요약문
472779780,요약문
472779781,요약문
472779782,요약문
472779783,요약문
472779784,요약문
472779785,요약문
472779786,요약문
472779787,요약문
472779788,요약문
472779789,요약문
472779790,요약문
472779791,요약문
472779792,요약문
472779793,요약문
472779794,요약문
472779795,요약문
472779796,요약문
472779797,요약문
472779798,요약문
472779799,요약문
472779800,요약문
472779801,요약문
472779802,요약문
472779803,요약문
472779804,요약문
472779805,요약문
472779806,요약문
472779807,요약문
472779808,요약문
472779809,요약문
472779810,요약문
472779811,요약문
472779812,요약문
472779813,요약문
472779814,요약문
472779815,요약문
472779816,요약문
472779817,요약문
472779818,요약문
472779819,요약문
472779820,요약문
472779821,요약문
472779822,요약문
472779823,요약문
472779824,요약문
472779825,요약문
472779826,요약문
472779827,요약문
472779828,요약문
472779829,요약문
472779830,요약문
472779831,요약문
472779832,요약문
472779833,요약문
472779834,요약문
472779835,요약문
472779836,요약문
472779837,요약문
472779838,요약문
472779839,요약문
472779840,요약문
472779841,요약문
472779842,요약문
472779843,요약문
472779844,요약문
472779845,요약문
472779846,요약문
472779847,요약문
472779848,요약문
472779849,요약문
472779850,요약문
472779851,요약문
472779852,요약문
472779853,요약문
472779854,요약문
472779855,요약문
472779856,요약문
472779857,요약문
472779858,요약문
472779859,요약문
472779860,요약문
472779861,요약문
472779862,요약문
472779863,요약문
472779864,요약문
472779865,요약문
472779866,요약문
472779867,요약문
472779868,요약문
472779869,요약문
472779870,요약문
472779871,요약문
472779872,요약문
472779873,요약문
472779874,요약문
472779875,요약문
472779876,요약문
472779877,요약문
472779878,요약문
472779879,요약문
472779880,요약문
472779881,요약문
472779882,요약문
472779883,요약문
472779884,요약문
472779885,요약문
472779886,요약문
472779887,요약문
472779888,요약문
472779889,요약문
472779890,요약문
472779891,요약문
472779892,요약문
472779893,요약문
472779894,요약문
472779895,요약문
472779896,요약문
472779897,요약문
472779898,요약문
472779899,요약문
472779900,요약문
472779901,요약문
472779902,요약문
472779903,요약문
472779904,요약문
472779905,요약문
472779906,요약문
472779907,요약문
472779908,요약문
472779909,요약문
472779910,요약문
472779911,요약문
472779912,요약문
472779913,요약문
472779914,요약문
472779915,요약문
472779916,요약문
472779917,요약문
472779918,요약문
472779919,요약문
472779920,요약문
472779921,요약문
472779922,요약문
472779923,요약문
472779924,요약문
472779925,요약문
472779926,요약문
472779927,요약문
472779928,요약문
472779929,요약문
472779930,요약문
472779931,요약문
472779932,요약문
472779933,요약문
472779934,요약문
472779935,요약문
472779936,요약문
472779937,요약문
472779938,요약문
472779939,요약문
472779940,요약문
472779941,요약문
472779942,요약문
472779943,요약문
472779944,요약문
472779945,요약문
472779946,요약문
472779947,요약문
472779948,요약문
472779949,요약문
472779950,요약문
472779951,요약문
472779952,요약문
472779953,요약문
472779954,요약문
472779955,요약문
472779956,요약문
472779957,요약문
472779958,요약문
472779959,요약문
472779960,요약문
472779961,요약문
472779962,요약문
472779963,요약문
472779964,요약문
472779965,요약문
472779966,요약문
472779967,요약문
472779968,요약문
472779969,요약문
472779970,요약문
472779971,요약문
472779972,요약문
472779973,요약문
472779974,요약문
472779975,요약문
472779976,요약문
472779977,요약문
472779978,요약문
472779979,요약문
472779980,요약문
472779981,요약문
472779982,요약문
472779983,요약문
472779984,요약문
472779985,요약문
472779986,요약문
472779987,요약문
472779988,요약문
472779989,요약문
472779990,요약문
472779991,요약문
472779992,요약문
472779993,요약문
472779994,요약문
472779995,요약문
472779996,요약문
472779997,요약문
472779998,요약문
472779999,요약문
472780000,요약문
472780001,요약문
472780002,요약문
472780003,요약문
472780004,요약문
472780005,요약문
472780006,요약문
472780007,요약문
472780008,요약문
472780009,요약문
472780010,요약문
472780011,요약문
472780012,요약문
472780013,요약문
472780014,요약문
472780015,요약문
472780016,요약문
472780017,요약문
472780018,요약문
472780019,요약문
472780020,요약문
472780021,요약문
472780022,요약문
472780023,요약문
472780024,요약문
472780025,요약문
472780026,요약문
472780027,요약문
472780028,요약문
472780029,요약문
472780030,요약문
472780031,요약문
472780032,요약문
472780033,요약문
472780034,요약문
472780035,요약문
472780036,요약문
472780037,요약문
472780038,요약문
472780039,요약문
472780040,요약문
472780041,요약문
472780042,요약문
472780043,요약문
472780044,요약문
472780045,요약문
472780046,요약문
472780047,요약문
472780048,요약문
472780049,요약문
472780050,요약문
472780051,요약문
472780052,요약문
472780053,요약문
472780054,요약문
472780055,요약문
472780056,요약문
472780057,요약문
472780058,요약문
472780059,요약문
472780060,요약문
472780061,요약문
472780062,요약문
472780063,요약문
472780064,요약문
472780065,요약문
472780066,요약문
472780067,요약문
472780068,요약문
472780069,요약문
472780070,요약문
472780071,요약문
472780072,요약문
472780073,요약문
472780074,요약문
472780075,요약문
472780076,요약문
472780077,요약문
472780078,요약문
472780079,요약문
472780080,요약문
472780081,요약문
472780082,요약문
472780083,요약문
472780084,요약문
472780085,요약문
472780086,요약문
472780087,요약문
472780088,요약문
472780089,요약문
472780090,요약문
472780091,요약문
472780092,요약문
472780093,요약문
472780094,요약문
472780095,요약문
472780096,요약문
472780097,요약문
472780098,요약문
472780099,요약문
472780100,요약문
472780101,요약문
472780102,요약문
472780103,요약문
472780104,요약문
472780105,요약문
472780106,요약문
472780107,요약문
472780108,요약문
472780109,요약문
472780110,요약문
472780111,요약문
472780112,요약문
472780113,요약문
472780114,요약문
472780115,요약문
472780116,요약문
472780117,요약문
472780118,요약문
472780119,요약문
472780120,요약문
472780121,요약문
472780122,요약문
472780123,요약문
472780124,요약문
472780125,요약문
472780126,요약문
472780127,요약문
472780128,요약문
472780129,요약문
472780130,요약문
472780131,요약문
472780132,요약문
472780133,요약문
472780134,요약문
472780135,요약문
472780136,요약문
472780137,요약문
472780138,요약문
472780139,요약문
472780140,요약문
472780141,요약문
472780142,요약문
472780143,요약문
472780144,요약문
472780145,요약문
472780146,요약문
472780147,요약문
472780148,요약문
472780149,요약문
472780150,요약문
472780151,요약문
472780152,요약문
472780153,요약문
472780154,요약문
472780155,요약문
472780156,요약문
472780157,요약문
472780158,요약문
472780159,요약문
472780160,요약문
472780161,요약문
472780162,요약문
472780163,요약문
472780164,요약문
472780165,요약문
472780166,요약문
472780167,요약문
472780168,요약문
472780169,요약문
472780170,요약문
472780171,요약문
472780172,요약문
472780173,요약문
472780174,요약문
472780175,요약문
472780176,요약문
472780177,요약문
472780178,요약문
472780179,요약문
472780180,요약문
472780181,요약문
472780182,요약문
472780183,요약문
472780184,요약문
472780185,요약문
472780186,요약문
472780187,요약문
472780188,요약문
472780189,요약문
472780190,요약문
472780191,요약문
472780192,요약문
472780193,요약문
472780194,요약문
472780195,요약문
472780196,요약문
472780197,요약문
472780198,요약문
472780199,요약문
472780200,요약문
472780201,요약문
472780202,요약문
472780203,요약문
472780204,요약문
472780205,요약문
472780206,요약문
472780207,요약문
472780208,요약문
472780209,요약문
472780210,요약문
472780211,요약문
472780212,요약문
472780213,요약문
472780214,요약문
472780215,요약문
472780216,요약문
472780217,요약문
472780218,요약문
472780219,요약문
472780220,요약문
472780221,요약문
472780222,요약문
472780223,요약문
472780224,요약문
472780225,요약문
472780226,요약문
472780227,요약문
472780228,요약문
472780229,요약문
472780230,요약문
472780231,요약문
472780232,요약문
472780233,요약문
472780234,요약문
472780235,요약문
472780236,요약문
472780237,요약문
472780238,요약문
472780239,요약문
472780240,요약문
472780241,요약문
472780242,요약문
472780243,요약문
472780244,요약문
472780245,요약문
472780246,요약문
472780247,요약문
472780248,요약문
472780249,요약문
472780250,요약문
472780251,요약문
472780252,요약문
472780253,요약문
472780254,요약문
472780255,요약문
472780256,요약문
472780257,요약문
472780258,요약문
472780259,요약문
472780260,요약문
472780261,요약문
472780262,요약문
472780263,요약문
472780264,요약문
472780265,요약문
472780266,요약문
472780267,요약문
472780268,요약문
472780269,요약문
472780270,요약문
472780271,요약문
472780272,요약문
472780273,요약문
472780274,요약문
472780275,요약문
472780276,요약문
472780277,요약문
472780278,요약문
472780279,요약문
472780280,요약문
472780281,요약문
472780282,요약문
472780283,요약문
472780284,요약문
472780285,요약문
472780286,요약문
472780287,요약문
472780288,요약문
472780289,요약문
472780290,요약문
472780291,요약문
472780292,요약문
472780293,요약문
472780294,요약문
472780295,요약문
472780296,요약문
472780297,요약문
472780298,요약문
472780299,요약문
472780300,요약문
472780301,요약문
472780302,요약문
472780303,요약문
472780304,요약문
472780305,요약문
472780306,요약문
472780307,요약문
472780308,요약문
472780309,요약문
472780310,요약문
472780311,요약문
472780312,요약문
472780313,요약문
472780314,요약문
472780315,요약문
472780316,요약문
472780317,요약문
472780318,요약문
472780319,요약문
472780320,요약문
472780321,요약문
472780322,요약문
472780323,요약문
472780324,요약문
472780325,요약문
472780326,요약문
472780327,요약문
472780328,요약문
472780329,요약문
472780330,요약문
472780331,요약문
472780332,요약문
472780333,요약문
472780334,요약문
472780335,요약문
472780336,요약문
472780337,요약문
472780338,요약문
472780339,요약문
472780340,요약문
472780341,요약문
472780342,요약문
472780343,요약문
472780344,요약문
472780345,요약문
472780346,요약문
472780347,요약문
472780348,요약문
472780349,요약문
472780350,요약문
472780351,요약문
472780352,요약문
472780353,요약문
472780354,요약문
472780355,요약문
472780356,요약문
472780357,요약문
472780358,요약문
472780359,요약문
472780360,요약문
472780361,요약문
472780362,요약문
472780363,요약문
472780364,요약문
472780365,요약문
472780366,요약문
472780367,요약문
472780368,요약문
472780369,요약문
472780370,요약문
472780371,요약문
472780372,요약문
472780373,요약문
472780374,요약문
472780375,요약문
472780376,요약문
472780377,요약문
472780378,요약문
472780379,요약문
472780380,요약문
472780381,요약문
472780382,요약문
472780383,요약문
472780384,요약문
472780385,요약문
472780386,요약문
472780387,요약문
472780388,요약문
472780389,요약문
472780390,요약문
472780391,요약문
472780392,요약문
472780393,요약문
472780394,요약문
472780395,요약문
472780396,요약문
472780397,요약문
472780398,요약문
472780399,요약문
472780400,요약문
472780401,요약문
472780402,요약문
472780403,요약문
472780404,요약문
472780405,요약문
472780406,요약문
472780407,요약문
472780408,요약문
472780409,요약문
472780410,요약문
472780411,요약문
472780412,요약문
472780413,요약문
472780414,요약문
472780415,요약문
472780416,요약문
472780417,요약문
472780418,요약문
472780419,요약문
472780420,요약문
472780421,요약문
472780422,요약문
472780423,요약문
472780424,요약문
472780425,요약문
472780426,요약문
472780427,요약문
472780428,요약문
472780429,요약문
472780430,요약문
472780431,요약문
472780432,요약문
472780433,요약문
472780434,요약문
472780435,요약문
472780436,요약문
472780437,요약문
472780438,요약문
472780439,요약문
472780440,요약문
472780441,요약문
472780442,요약문
472780443,요약문
472780444,요약문
472780445,요약문
472780446,요약문
472780447,요약문
472780448,요약문
472780449,요약문
472780450,요약문
472780451,요약문
472780452,요약문
472780453,요약문
472780454,요약문
472780455,요약문
472780456,요약문
472780457,요약문
472780458,요약문
472780459,요약문
472780460,요약문
472780461,요약문
472780462,요약문
472780463,요약문
472780464,요약문
472780465,요약문
472780466,요약문
472780467,요약문
472780468,요약문
472780469,요약문
472780470,요약문
472780471,요약문
472780472,요약문
472780473,요약문
472780474,요약문
472780475,요약문
472780476,요약문
472780477,요약문
472780478,요약문
472780479,요약문
472780480,요약문
472780481,요약문
472780482,요약문
472780483,요약문
472780484,요약문
472780485,요약문
472780486,요약문
472780487,요약문
472780488,요약문
472780489,요약문
472780490,요약문
472780491,요약문
472780492,요약문
472780493,요약문
472780494,요약문
472780495,요약문
472780496,요약문
472780497,요약문
472780498,요약문
472780499,요약문
472780500,요약문
472780501,요약문
472780502,요약문
472780503,요약문
472780504,요약문
472780505,요약문
472780506,요약문
472780507,요약문
472780508,요약문
472780509,요약문
472780510,요약문
472780511,요약문
472780512,요약문
472780513,요약문
472780514,요약문
472780515,요약문
472780516,요약문
472780517,요약문
472780518,요약문
472780519,요약문
472780520,요약문
472780521,요약문
472780522,요약문
472780523,요약문
472780524,요약문
472780525,요약문
472780526,요약문
472780527,요약문
472780528,요약문
472780529,요약문
472780530,요약문
472780531,요약문
472780532,요약문
472780533,요약문
472780534,요약문
472780535,요약문
472780536,요약문
472780537,요약문
472780538,요약문
472780539,요약문
472780540,요약문
472780541,요약문
472780542,요약문
472780543,요약문
472780544,요약문
472780545,요약문
472780546,요약문
472780547,요약문
472780548,요약문
472780549,요약문
472780550,요약문
472780551,요약문
472780552,요약문
472780553,요약문
472780554,요약문
472780555,요약문
472780556,요약문
472780557,요약문
472780558,요약문
472780559,요약문
472780560,요약문
472780561,요약문
472780562,요약문
472780563,요약문
472780564,요약문
472780565,요약문
472780566,요약문
472780567,요약문
472780568,요약문
472780569,요약문
472780570,요약문
472780571,요약문
472780572,요약문
472780573,요약문
472780574,요약문
472780575,요약문
472780576,요약문
472780577,요약문
472780578,요약문
472780579,요약문
472780580,요약문
472780581,요약문
472780582,요약문
472780583,요약문
472780584,요약문
472780585,요약문
472780586,요약문
472780587,요약문
472780588,요약문
472780589,요약문
472780590,요약문
472780591,요약문
472780592,요약문
472780593,요약문
472780594,요약문
472780595,요약문
472780596,요약문
472780597,요약문
472780598,요약문
472780599,요약문
472780600,요약문
472780601,요약문
472780602,요약문
472780603,요약문
472780604,요약문
472780605,요약문
472780606,요약문
472780607,요약문
472780608,요약문
472780609,요약문
472780610,요약문
472780611,요약문
472780612,요약문
472780613,요약문
472780614,요약문
472780615,요약문
472780616,요약문
472780617,요약문
472780618,요약문
472780619,요약문
472780620,요약문
472780621,요약문
472780622,요약문
472780623,요약문
472780624,요약문
472780625,요약문
472780626,요약문
472780627,요약문
472780628,요약문
472780629,요약문
472780630,요약문
472780631,요약문
472780632,요약문
472780633,요약문
472780634,요약문
472780635,요약문
472780636,요약문
472780637,요약문
472780638,요약문
472780639,요약문
472780640,요약문
472780641,요약문
472780642,요약문
472780643,요약문
472780644,요약문
472780645,요약문
472780646,요약문
472780647,요약문
472780648,요약문
472780649,요약문
472780650,요약문
472780651,요약문
472780652,요약문
472780653,요약문
472780654,요약문
472780655,요약문
472780656,요약문
472780657,요약문
472780658,요약문
472780659,요약문
472780660,요약문
472780661,요약문
472780662,요약문
472780663,요약문
472780664,요약문
472780665,요약문
472780666,요약문
472780667,요약문
472780668,요약문
472780669,요약문
472780670,요약문
472780671,요약문
472780672,요약문
472780673,요약문
472780674,요약문
472780675,요약문
472780676,요약문
472780677,요약문
472780678,요약문
472780679,요약문
472780680,요약문
472780681,요약문
472780682,요약문
472780683,요약문
472780684,요약문
472780685,요약문
472780686,요약문
472780687,요약문
472780688,요약문
472780689,요약문
472780690,요약문
472780691,요약문
472780692,요약문
472780693,요약문
472780694,요약문
472780695,요약문
472780696,요약문
472780697,요약문
472780698,요약문
472780699,요약문
472780700,요약문
472780701,요약문
472780702,요약문
472780703,요약문
472780704,요약문
472780705,요약문
472780706,요약문
472780707,요약문
472780708,요약문
472780709,요약문
472780710,요약문
472780711,요약문
472780712,요약문
472780713,요약문
472780714,요약문
472780715,요약문
472780716,요약문
472780717,요약문
472780718,요약문
472780719,요약문
472780720,요약문
472780721,요약문
472780722,요약문
472780723,요약문
472780724,요약문
472780725,요약문
472780726,요약문
472780727,요약문
472780728,요약문
472780729,요약문
472780730,요약문
472780731,요약문
472780732,요약문
472780733,요약문
472780734,요약문
472780735,요약문
472780736,요약문
472780737,요약문
472780738,요약문
472780739,요약문
472780740,요약문
472780741,요약문
472780742,요약문
472780743,요약문
472780744,요약문
472780745,요약문
472780746,요약문
472780747,요약문
472780748,요약문
472780749,요약문
472780750,요약문
472780751,요약문
472780752,요약문
472780753,요약문
472780754,요약문
472780755,요약문
472780756,요약문
472780757,요약문
472780758,요약문
472780759,요약문
472780760,요약문
472780761,요약문
472780762,요약문
472780763,요약문
472780764,요약문
472780765,요약문
472780766,요약문
472780767,요약문
472780768,요약문
472780769,요약문
472780770,요약문
472780771,요약문
472780772,요약문
472780773,요약문
472780774,요약문
472780775,요약문
472780776,요약문
472780777,요약문
472780778,요약문
472780779,요약문
472780780,요약문
472780781,요약문
472780782,요약문
472780783,요약문
472780784,요약문
472780785,요약문
472780786,요약문
472780787,요약문
472780788,요약문
472780789,요약문
472780790,요약문
472780791,요약문
472780792,요약문
472780793,요약문
472780794,요약문
472780795,요약문
472780796,요약문
472780797,요약문
472780798,요약문
472780799,요약문
472780800,요약문
472780801,요약문
472780802,요약문
472780803,요약문
472780804,요약문
472780805,요약문
472780806,요약문
472780807,요약문
472780808,요약문
472780809,요약문
472780810,요약문
472780811,요약문
472780812,요약문
472780813,요약문
472780814,요약문
472780815,요약문
472780816,요약문
472780817,요약문
472780818,요약문
472780819,요약문
472780820,요약문
472780821,요약문
472780822,요약문
472780823,요약문
472780824,요약문
472780825,요약문
472780826,요약문
472780827,요약문
472780828,요약문
472780829,요약문
472780830,요약문
472780831,요약문
472780832,요약문
472780833,요약문
472780834,요약문
472780835,요약문
472780836,요약문
472780837,요약문
472780838,요약문
472780839,요약문
472780840,요약문
472780841,요약문
472780842,요약문
472780843,요약문
472780844,요약문
472780845,요약문
472780846,요약문
472780847,요약문
472780848,요약문
472780849,요약문
472780850,요약문
472780851,요약문
472780852,요약문
472780853,요약문
472780854,요약문
472780855,요약문
472780856,요약문
472780857,요약문
472780858,요약문
472780859,요약문
472780860,요약문
472780861,요약문
472780862,요약문
472780863,요약문
472780864,요약문
472780865,요약문
472780866,요약문
472780867,요약문
472780868,요약문
472780869,요약문
472780870,요약문
472780871,요약문
472780872,요약문
472780873,요약문
472780874,요약문
472780875,요약문
472780876,요약문
472780877,요약문
472780878,요약문
472780879,요약문
472780880,요약문
472780881,요약문
472780882,요약문
472780883,요약문
472780884,요약문
472780885,요약문
472780886,요약문
472780887,요약문
472780888,요약문
472780889,요약문
472780890,요약문
472780891,요약문
472780892,요약문
472780893,요약문
472780894,요약문
472780895,요약문
472780896,요약문
472780897,요약문
472780898,요약문
472780899,요약문
472780900,요약문
472780901,요약문
472780902,요약문
472780903,요약문
472780904,요약문
472780905,요약문
472780906,요약문
472780907,요약문
472780908,요약문
472780909,요약문
472780910,요약문
472780911,요약문
472780912,요약문
472780913,요약문
472780914,요약문
472780915,요약문
472780916,요약문
472780917,요약문
472780918,요약문
472780919,요약문
472780920,요약문
472780921,요약문
472780922,요약문
472780923,요약문
472780924,요약문
472780925,요약문
472780926,요약문
472780927,요약문
472780928,요약문
472780929,요약문
472780930,요약문
472780931,요약문
472780932,요약문
472780933,요약문
472780934,요약문
472780935,요약문
472780936,요약문
472780937,요약문
472780938,요약문
472780939,요약문
472780940,요약문
472780941,요약문
472780942,요약문
472780943,요약문
472780944,요약문
472780945,요약문
472780946,요약문
472780947,요약문
472780948,요약문
472780949,요약문
472780950,요약문
472780951,요약문
472780952,요약문
472780953,요약문
472780954,요약문
472780955,요약문
472780956,요약문
472780957,요약문
472780958,요약문
472780959,요약문
472780960,요약문
472780961,요약문
472780962,요약문
472780963,요약문
472780964,요약문
472780965,요약문
472780966,요약문
472780967,요약문
472780968,요약문
472780969,요약문
472780970,요약문
472780971,요약문
472780972,요약문
472780973,요약문
472780974,요약문
472780975,요약문
472780976,요약문
472780977,요약문
472780978,요약문
472780979,요약문
472780980,요약문
472780981,요약문
472780982,요약문
472780983,요약문
472780984,요약문
472780985,요약문
472780986,요약문
472780987,요약문
472780988,요약문
472780989,요약문
472780990,요약문
472780991,요약문
472780992,요약문
472780993,요약문
472780994,요약문
472780995,요약문
472780996,요약문
472780997,요약문
472780998,요약문
472780999,요약문
472781000,요약문
472781001,요약문
472781002,요약문
472781003,요약문
472781004,요약문
472781005,요약문
472781006,요약문
472781007,요약문
472781008,요약문
472781009,요약문
472781010,요약문
472781011,요약문
472781012,요약문
472781013,요약문
472781014,요약문
472781015,요약문
472781016,요약문
472781017,요약문
472781018,요약문
472781019,요약문
472781020,요약문
472781021,요약문
472781022,요약문
472781023,요약문
472781024,요약문
472781025,요약문
472781026,요약문
472781027,요약문
472781028,요약문
472781029,요약문
472781030,요약문
472781031,요약문
472781032,요약문
472781033,요약문
472781034,요약문
472781035,요약문
472781036,요약문
472781037,요약문
472781038,요약문
472781039,요약문
472781040,요약문
472781041,요약문
472781042,요약문
472781043,요약문
472781044,요약문
472781045,요약문
472781046,요약문
472781047,요약문
472781048,요약문
472781049,요약문
472781050,요약문
472781051,요약문
472781052,요약문
472781053,요약문
472781054,요약문
472781055,요약문
472781056,요약문
472781057,요약문
472781058,요약문
472781059,요약문
472781060,요약문
472781061,요약문
472781062,요약문
472781063,요약문
472781064,요약문
472781065,요약문
472781066,요약문
472781067,요약문
472781068,요약문
472781069,요약문
472781070,요약문
472781071,요약문
472781072,요약문
472781073,요약문
472781074,요약문
472781075,요약문
472781076,요약문
472781077,요약문
472781078,요약문
472781079,요약문
472781080,요약문
472781081,요약문
472781082,요약문
472781083,요약문
472781084,요약문
472781085,요약문
472781086,요약문
472781087,요약문
472781088,요약문
472781089,요약문
472781090,요약문
472781091,요약문
472781092,요약문
472781093,요약문
472781094,요약문
472781095,요약문
472781096,요약문
472781097,요약문
472781098,요약문
472781099,요약문
472781100,요약문
472781101,요약문
472781102,요약문
472781103,요약문
472781104,요약문
472781105,요약문
472781106,요약문
472781107,요약문
472781108,요약문
472781109,요약문
472781110,요약문
472781111,요약문
472781112,요약문
472781113,요약문
472781114,요약문
472781115,요약문
472781116,요약문
472781117,요약문
472781118,요약문
472781119,요약문
472781120,요약문
472781121,요약문
472781122,요약문
472781123,요약문
472781124,요약문
472781125,요약문
472781126,요약문
472781127,요약문
472781128,요약문
472781129,요약문
472781130,요약문
472781131,요약문
472781132,요약문
472781133,요약문
472781134,요약문
472781135,요약문
472781136,요약문
472781137,요약문
472781138,요약문
472781139,요약문
472781140,요약문
472781141,요약문
472781142,요약문
472781143,요약문
472781144,요약문
472781145,요약문
472781146,요약문
472781147,요약문
472781148,요약문
472781149,요약문
472781150,요약문
472781151,요약문
472781152,요약문
472781153,요약문
472781154,요약문
472781155,요약문
472781156,요약문
472781157,요약문
472781158,요약문
472781159,요약문
472781160,요약문
472781161,요약문
472781162,요약문
472781163,요약문
472781164,요약문
472781165,요약문
472781166,요약문
472781167,요약문
472781168,요약문
472781169,요약문
472781170,요약문
472781171,요약문
472781172,요약문
472781173,요약문
472781174,요약문
472781175,요약문
472781176,요약문
472781177,요약문
472781178,요약문
472781179,요약문
472781180,요약문
472781181,요약문
472781182,요약문
472781183,요약문
472781184,요약문
472781185,요약문
472781186,요약문
472781187,요약문
472781188,요약문
472781189,요약문
472781190,요약문
472781191,요약문
472781192,요약문
472781193,요약문
472781194,요약문
472781195,요약문
472781196,요약문
472781197,요약문
472781198,요약문
472781199,요약문
472781200,요약문
472781201,요약문
472781202,요약문
472781203,요약문
472781204,요약문
472781205,요약문
472781206,요약문
472781207,요약문
472781208,요약문
472781209,요약문
472781210,요약문
472781211,요약문
472781212,요약문
472781213,요약문
472781214,요약문
472781215,요약문
472781216,요약문
472781217,요약문
472781218,요약문
472781219,요약문
472781220,요약문
472781221,요약문
472781222,요약문
472781223,요약문
472781224,요약문
472781225,요약문
472781226,요약문
472781227,요약문
472781228,요약문
472781229,요약문
472781230,요약문
472781231,요약문
472781232,요약문
472781233,요약문
472781234,요약문
472781235,요약문
472781236,요약문
472781237,요약문
472781238,요약문
472781239,요약문
472781240,요약문
472781241,요약문
472781242,요약문
472781243,요약문
472781244,요약문
472781245,요약문
472781246,요약문
472781247,요약문
472781248,요약문
472781249,요약문
472781250,요약문
472781251,요약문
472781252,요약문
472781253,요약문
472781254,요약문
472781255,요약문
472781256,요약문
472781257,요약문
472781258,요약문
472781259,요약문
472781260,요약문
472781261,요약문
472781262,요약문
472781263,요약문
472781264,요약문
472781265,요약문
472781266,요약문
472781267,요약문
472781268,요약문
472781269,요약문
472781270,요약문
472781271,요약문
472781272,요약문
472781273,요약문
472781274,요약문
472781275,요약문
472781276,요약문
472781277,요약문
472781278,요약문
472781279,요약문
472781280,요약문
472781281,요약문
472781282,요약문
472781283,요약문
472781284,요약문
472781285,요약문
472781286,요약문
472781287,요약문
472781288,요약문
472781289,요약문
472781290,요약문
472781291,요약문
472781292,요약문
472781293,요약문
472781294,요약문
472781295,요약문
472781296,요약문
472781297,요약문
472781298,요약문
472781299,요약문
472781300,요약문
472781301,요약문
472781302,요약문
472781303,요약문
472781304,요약문
472781305,요약문
472781306,요약문
472781307,요약문
472781308,요약문
472781309,요약문
472781310,요약문
472781311,요약문
472781312,요약문
472781313,요약문
472781314,요약문
472781315,요약문
472781316,요약문
472781317,요약문
472781318,요약문
472781319,요약문
472781320,요약문
472781321,요약문
472781322,요약문
472781323,요약문
472781324,요약문
472781325,요약문
472781326,요약문
472781327,요약문
472781328,요약문
472781329,요약문
472781330,요약문
472781331,요약문
472781332,요약문
472781333,요약문
472781334,요약문
472781335,요약문
472781336,요약문
472781337,요약문
472781338,요약문
472781339,요약문
472781340,요약문
472781341,요약문
472781342,요약문
472781343,요약문
472781344,요약문
472781345,요약문
472781346,요약문
472781347,요약문
472781348,요약문
472781349,요약문
472781350,요약문
472781351,요약문
472781352,요약문
472781353,요약문
472781354,요약문
472781355,요약문
472781356,요약문
472781357,요약문
472781358,요약문
472781359,요약문
472781360,요약문
472781361,요약문
472781362,요약문
472781363,요약문
472781364,요약문
472781365,요약문
472781366,요약문
472781367,요약문
472781368,요약문
472781369,요약문
472781370,요약문
472781371,요약문
472781372,요약문
472781373,요약문
472781374,요약문
472781375,요약문
472781376,요약문
472781377,요약문
472781378,요약문
472781379,요약문
472781380,요약문
472781381,요약문
472781382,요약문
472781383,요약문
472781384,요약문
472781385,요약문
472781386,요약문
472781387,요약문
472781388,요약문
472781389,요약문
472781390,요약문
472781391,요약문
472781392,요약문
472781393,요약문
472781394,요약문
472781395,요약문
472781396,요약문
472781397,요약문
472781398,요약문
472781399,요약문
472781400,요약문
472781401,요약문
472781402,요약문
472781403,요약문
472781404,요약문
472781405,요약문
472781406,요약문
472781407,요약문
472781408,요약문
472781409,요약문
472781410,요약문
472781411,요약문
472781412,요약문
472781413,요약문
472781414,요약문
472781415,요약문
472781416,요약문
472781417,요약문
472781418,요약문
472781419,요약문
472781420,요약문
472781421,요약문
472781422,요약문
472781423,요약문
472781424,요약문
472781425,요약문
472781426,요약문
472781427,요약문
472781428,요약문
472781429,요약문
472781430,요약문
472781431,요약문
472781432,요약문
472781433,요약문
472781434,요약문
472781435,요약문
472781436,요약문
472781437,요약문
472781438,요약문
472781439,요약문
472781440,요약문
472781441,요약문
472781442,요약문
472781443,요약문
472781444,요약문
472781445,요약문
472781446,요약문
472781447,요약문
472781448,요약문
472781449,요약문
472781450,요약문
472781451,요약문
472781452,요약문
472781453,요약문
472781454,요약문
472781455,요약문
472781456,요약문
472781457,요약문
472781458,요약문
472781459,요약문
472781460,요약문
472781461,요약문
472781462,요약문
472781463,요약문
472781464,요약문
472781465,요약문
472781466,요약문
472781467,요약문
472781468,요약문
472781469,요약문
472781470,요약문
472781471,요약문
472781472,요약문
472781473,요약문
472781474,요약문
472781475,요약문
472781476,요약문
472781477,요약문
472781478,요약문
472781479,요약문
472781480,요약문
472781481,요약문
472781482,요약문
472781483,요약문
472781484,요약문
472781485,요약문
472781486,요약문
472781487,요약문
472781488,요약문
472781489,요약문
472781490,요약문
472781491,요약문
472781492,요약문
472781493,요약문
472781494,요약문
472781495,요약문
472781496,요약문
472781497,요약문
472781498,요약문
472781499,요약문
472781500,요약문
472781501,요약문
472781502,요약문
472781503,요약문
472781504,요약문
472781505,요약문
472781506,요약문
472781507,요약문
472781508,요약문
472781509,요약문
472781510,요약문
472781511,요약문
472781512,요약문
472781513,요약문
472781514,요약문
472781515,요약문
472781516,요약문
472781517,요약문
472781518,요약문
472781519,요약문
472781520,요약문
472781521,요약문
472781522,요약문
472781523,요약문
472781524,요약문
472781525,요약문
472781526,요약문
472781527,요약문
472781528,요약문
472781529,요약문
472781530,요약문
472781531,요약문
472781532,요약문
472781533,요약문
472781534,요약문
472781535,요약문
472781536,요약문
472781537,요약문
472781538,요약문
472781539,요약문
472781540,요약문
472781541,요약문
472781542,요약문
472781543,요약문
472781544,요약문
472781545,요약문
472781546,요약문
472781547,요약문
472781548,요약문
472781549,요약문
472781550,요약문
472781551,요약문
472781552,요약문
472781553,요약문
472781554,요약문
472781555,요약문
472781556,요약문
472781557,요약문
472781558,요약문
472781559,요약문
472781560,요약문
472781561,요약문
472781562,요약문
472781563,요약문
472781564,요약문
472781565,요약문
472781566,요약문
472781567,요약문
472781568,요약문
472781569,요약문
472781570,요약문
472781571,요약문
472781572,요약문
472781573,요약문
472781574,요약문
472781575,요약문
472781576,요약문
472781577,요약문
472781578,요약문
472781579,요약문
472781580,요약문
472781581,요약문
472781582,요약문
472781583,요약문
472781584,요약문
472781585,요약문
472781586,요약문
472781587,요약문
472781588,요약문
472781589,요약문
472781590,요약문
472781591,요약문
472781592,요약문
472781593,요약문
472781594,요약문
472781595,요약문
472781596,요약문
472781597,요약문
472781598,요약문
472781599,요약문
472781600,요약문
472781601,요약문
472781602,요약문
472781603,요약문
472781604,요약문
472781605,요약문
472781606,요약문
472781607,요약문
472781608,요약문
472781609,요약문
472781610,요약문
472781611,요약문
472781612,요약문
472781613,요약문
472781614,요약문
472781615,요약문
472781616,요약문
472781617,요약문
472781618,요약문
472781619,요약문
472781620,요약문
472781621,요약문
472781622,요약문
472781623,요약문
472781624,요약문
472781625,요약문
472781626,요약문
472781627,요약문
472781628,요약문
472781629,요약문
472781630,요약문
472781631,요약문
472781632,요약문
472781633,요약문
472781634,요약문
472781635,요약문
472781636,요약문
472781637,요약문
472781638,요약문
472781639,요약문
472781640,요약문
472781641,요약문
472781642,요약문
472781643,요약문
472781644,요약문
472781645,요약문
472781646,요약문
472781647,요약문
472781648,요약문
472781649,요약문
472781650,요약문
472781651,요약문
472781652,요약문
472781653,요약문
472781654,요약문
472781655,요약문
472781656,요약문
472781657,요약문
472781658,요약문
472781659,요약문
472781660,요약문
472781661,요약문
472781662,요약문
472781663,요약문
472781664,요약문
472781665,요약문
472781666,요약문
472781667,요약문
472781668,요약문
472781669,요약문
472781670,요약문
472781671,요약문
472781672,요약문
472781673,요약문
472781674,요약문
472781675,요약문
472781676,요약문
472781677,요약문
472781678,요약문
472781679,요약문
472781680,요약문
472781681,요약문
472781682,요약문
472781683,요약문
472781684,요약문
472781685,요약문
472781686,요약문
472781687,요약문
472781688,요약문
472781689,요약문
472781690,요약문
472781691,요약문
472781692,요약문
472781693,요약문
472781694,요약문
472781695,요약문
472781696,요약문
472781697,요약문
472781698,요약문
472781699,요약문
472781700,요약문
472781701,요약문
472781702,요약문
472781703,요약문
472781704,요약문
472781705,요약문
472781706,요약문
472781707,요약문
472781708,요약문
472781709,요약문
472781710,요약문
472781711,요약문
472781712,요약문
472781713,요약문
472781714,요약문
472781715,요약문
472781716,요약문
472781717,요약문
472781718,요약문
472781719,요약문
472781720,요약문
472781721,요약문
472781722,요약문
472781723,요약문
472781724,요약문
472781725,요약문
472781726,요약문
472781727,요약문
472781728,요약문
472781729,요약문
472781730,요약문
472781731,요약문
472781732,요약문
472781733,요약문
472781734,요약문
472781735,요약문
472781736,요약문
472781737,요약문
472781738,요약문
472781739,요약문
472781740,요약문
472781741,요약문
472781742,요약문
472781743,요약문
472781744,요약문
472781745,요약문
472781746,요약문
472781747,요약문
472781748,요약문
472781749,요약문
472781750,요약문
472781751,요약문
472781752,요약문
472781753,요약문
472781754,요약문
472781755,요약문
472781756,요약문
472781757,요약문
472781758,요약문
472781759,요약문
472781760,요약문
472781761,요약문
472781762,요약문
472781763,요약문
472781764,요약문
472781765,요약문
472781766,요약문
472781767,요약문
472781768,요약문
472781769,요약문
472781770,요약문
472781771,요약문
472781772,요약문
472781773,요약문
472781774,요약문
472781775,요약문
472781776,요약문
472781777,요약문
472781778,요약문
472781779,요약문
472781780,요약문
472781781,요약문
472781782,요약문
472781783,요약문
472781784,요약문
472781785,요약문
472781786,요약문
472781787,요약문
472781788,요약문
472781789,요약문
472781790,요약문
472781791,요약문
472781792,요약문
472781793,요약문
472781794,요약문
472781795,요약문
472781796,요약문
472781797,요약문
472781798,요약문
472781799,요약문
472781800,요약문
472781801,요약문
472781802,요약문
472781803,요약문
472781804,요약문
472781805,요약문
472781806,요약문
472781807,요약문
472781808,요약문
472781809,요약문
472781810,요약문
472781811,요약문
472781812,요약문
472781813,요약문
472781814,요약문
472781815,요약문
472781816,요약문
472781817,요약문
472781818,요약문
472781819,요약문
472781820,요약문
472781821,요약문
472781822,요약문
472781823,요약문
472781824,요약문
472781825,요약문
472781826,요약문
472781827,요약문
472781828,요약문
472781829,요약문
472781830,요약문
472781831,요약문
472781832,요약문
472781833,요약문
472781834,요약문
472781835,요약문
472781836,요약문
472781837,요약문
472781838,요약문
472781839,요약문
472781840,요약문
472781841,요약문
472781842,요약문
472781843,요약문
472781844,요약문
472781845,요약문
472781846,요약문
472781847,요약문
472781848,요약문
472781849,요약문
472781850,요약문
472781851,요약문
472781852,요약문
472781853,요약문
472781854,요약문
472781855,요약문
472781856,요약문
472781857,요약문
472781858,요약문
472781859,요약문
472781860,요약문
472781861,요약문
472781862,요약문
472781863,요약문
472781864,요약문
472781865,요약문
472781866,요약문
472781867,요약문
472781868,요약문
472781869,요약문
472781870,요약문
472781871,요약문
472781872,요약문
472781873,요약문
472781874,요약문
472781875,요약문
472781876,요약문
472781877,요약문
472781878,요약문
472781879,요약문
472781880,요약문
472781881,요약문
472781882,요약문
472781883,요약문
472781884,요약문
472781885,요약문
472781886,요약문
472781887,요약문
472781888,요약문
472781889,요약문
472781890,요약문
472781891,요약문
472781892,요약문
472781893,요약문
472781894,요약문
472781895,요약문
472781896,요약문
472781897,요약문
472781898,요약문
472781899,요약문
472781900,요약문
472781901,요약문
472781902,요약문
472781903,요약문
472781904,요약문
472781905,요약문
472781906,요약문
472781907,요약문
472781908,요약문
472781909,요약문
472781910,요약문
472781911,요약문
472781912,요약문
472781913,요약문
472781914,요약문
472781915,요약문
472781916,요약문
472781917,요약문
472781918,요약문
472781919,요약문
472781920,요약문
472781921,요약문
472781922,요약문
472781923,요약문
472781924,요약문
472781925,요약문
472781926,요약문
472781927,요약문
472781928,요약문
472781929,요약문
472781930,요약문
472781931,요약문
472781932,요약문
472781933,요약문
472781934,요약문
472781935,요약문
472781936,요약문
472781937,요약문
472781938,요약문
472781939,요약문
472781940,요약문
472781941,요약문
472781942,요약문
472781943,요약문
472781944,요약문
472781945,요약문
472781946,요약문
472781947,요약문
472781948,요약문
472781949,요약문
472781950,요약문
472781951,요약문
472781952,요약문
472781953,요약문
472781954,요약문
472781955,요약문
472781956,요약문
472781957,요약문
472781958,요약문
472781959,요약문
472781960,요약문
472781961,요약문
472781962,요약문
472781963,요약문
472781964,요약문
472781965,요약문
472781966,요약문
472781967,요약문
472781968,요약문
472781969,요약문
472781970,요약문
472781971,요약문
472781972,요약문
472781973,요약문
472781974,요약문
472781975,요약문
472781976,요약문
472781977,요약문
472781978,요약문
472781979,요약문
472781980,요약문
472781981,요약문
472781982,요약문
472781983,요약문
472781984,요약문
472781985,요약문
472781986,요약문
472781987,요약문
472781988,요약문
472781989,요약문
472781990,요약문
472781991,요약문
472781992,요약문
472781993,요약문
472781994,요약문
472781995,요약문
472781996,요약문
472781997,요약문
472781998,요약문
472781999,요약문
472782000,요약문
472782001,요약문
472782002,요약문
472782003,요약문
472782004,요약문
472782005,요약문
472782006,요약문
472782007,요약문
472782008,요약문
472782009,요약문
472782010,요약문
472782011,요약문
472782012,요약문
472782013,요약문
472782014,요약문
472782015,요약문
472782016,요약문
472782017,요약문
472782018,요약문
472782019,요약문
472782020,요약문
472782021,요약문
472782022,요약문
472782023,요약문
472782024,요약문
472782025,요약문
472782026,요약문
472782027,요약문
472782028,요약문
472782029,요약문
472782030,요약문
472782031,요약문
472782032,요약문
472782033,요약문
472782034,요약문
472782035,요약문
472782036,요약문
472782037,요약문
472782038,요약문
472782039,요약문
472782040,요약문
472782041,요약문
472782042,요약문
472782043,요약문
472782044,요약문
472782045,요약문
472782046,요약문
472782047,요약문
472782048,요약문
472782049,요약문
472782050,요약문
472782051,요약문
472782052,요약문
472782053,요약문
472782054,요약문
472782055,요약문
472782056,요약문
472782057,요약문
472782058,요약문
472782059,요약문
472782060,요약문
472782061,요약문
472782062,요약문
472782063,요약문
472782064,요약문
472782065,요약문
472782066,요약문
472782067,요약문
472782068,요약문
472782069,요약문
472782070,요약문
472782071,요약문
472782072,요약문
472782073,요약문
472782074,요약문
472782075,요약문
472782076,요약문
472782077,요약문
472782078,요약문
472782079,요약문
472782080,요약문
472782081,요약문
472782082,요약문
472782083,요약문
472782084,요약문
472782085,요약문
472782086,요약문
472782087,요약문
472782088,요약문
472782089,요약문
472782090,요약문
472782091,요약문
472782092,요약문
472782093,요약문
472782094,요약문
472782095,요약문
472782096,요약문
472782097,요약문
472782098,요약문
472782099,요약문
472782100,요약문
472782101,요약문
472782102,요약문
472782103,요약문
472782104,요약문
472782105,요약문
472782106,요약문
472782107,요약문
472782108,요약문
472782109,요약문
472782110,요약문
472782111,요약문
472782112,요약문
472782113,요약문
472782114,요약문
472782115,요약문
472782116,요약문
472782117,요약문
472782118,요약문
472782119,요약문
472782120,요약문
472782121,요약문
472782122,요약문
472782123,요약문
472782124,요약문
472782125,요약문
472782126,요약문
472782127,요약문
472782128,요약문
472782129,요약문
472782130,요약문
472782131,요약문
472782132,요약문
472782133,요약문
472782134,요약문
472782135,요약문
472782136,요약문
472782137,요약문
472782138,요약문
472782139,요약문
472782140,요약문
472782141,요약문
472782142,요약문
472782143,요약문
472782144,요약문
472782145,요약문
472782146,요약문
472782147,요약문
472782148,요약문
472782149,요약문
472782150,요약문
472782151,요약문
472782152,요약문
472782153,요약문
472782154,요약문
472782155,요약문
472782156,요약문
472782157,요약문
472782158,요약문
472782159,요약문
472782160,요약문
472782161,요약문
472782162,요약문
472782163,요약문
472782164,요약문
472782165,요약문
472782166,요약문
472782167,요약문
472782168,요약문
472782169,요약문
472782170,요약문
472782171,요약문
472782172,요약문
472782173,요약문
472782174,요약문
472782175,요약문
472782176,요약문
472782177,요약문
472782178,요약문
472782179,요약문
472782180,요약문
472782181,요약문
472782182,요약문
472782183,요약문
472782184,요약문
472782185,요약문
472782186,요약문
472782187,요약문
472782188,요약문
472782189,요약문
472782190,요약문
472782191,요약문
472782192,요약문
472782193,요약문
472782194,요약문
472782195,요약문
472782196,요약문
472782197,요약문
472782198,요약문
472782199,요약문
472782200,요약문
472782201,요약문
472782202,요약문
472782203,요약문
472782204,요약문
472782205,요약문
472782206,요약문
472782207,요약문
472782208,요약문
472782209,요약문
472782210,요약문
472782211,요약문
472782212,요약문
472782213,요약문
472782214,요약문
472782215,요약문
472782216,요약문
472782217,요약문
472782218,요약문
472782219,요약문
472782220,요약문
472782221,요약문
472782222,요약문
472782223,요약문
472782224,요약문
472782225,요약문
472782226,요약문
472782227,요약문
472782228,요약문
472782229,요약문
472782230,요약문
472782231,요약문
472782232,요약문
472782233,요약문
472782234,요약문
472782235,요약문
472782236,요약문
472782237,요약문
472782238,요약문
472782239,요약문
472782240,요약문
472782241,요약문
472782242,요약문
472782243,요약문
472782244,요약문
472782245,요약문
472782246,요약문
472782247,요약문
472782248,요약문
472782249,요약문
472782250,요약문
472782251,요약문
472782252,요약문
472782253,요약문
472782254,요약문
472782255,요약문
472782256,요약문
472782257,요약문
472782258,요약문
472782259,요약문
472782260,요약문
472782261,요약문
472782262,요약문
472782263,요약문
472782264,요약문
472782265,요약문
472782266,요약문
472782267,요약문
472782268,요약문
472782269,요약문
472782270,요약문
472782271,요약문
472782272,요약문
472782273,요약문
472782274,요약문
472782275,요약문
472782276,요약문
472782277,요약문
472782278,요약문
472782279,요약문
472782280,요약문
472782281,요약문
472782282,요약문
472782283,요약문
472782284,요약문
472782285,요약문
472782286,요약문
472782287,요약문
472782288,요약문
472782289,요약문
472782290,요약문
472782291,요약문
472782292,요약문
472782293,요약문
472782294,요약문
472782295,요약문
472782296,요약문
472782297,요약문
472782298,요약문
472782299,요약문
472782300,요약문
472782301,요약문
472782302,요약문
472782303,요약문
472782304,요약문
472782305,요약문
472782306,요약문
472782307,요약문
472782308,요약문
472782309,요약문
472782310,요약문
472782311,요약문
472782312,요약문
472782313,요약문
472782314,요약문
472782315,요약문
472782316,요약문
472782317,요약문
472782318,요약문
472782319,요약문
472782320,요약문
472782321,요약문
472782322,요약문
472782323,요약문
472782324,요약문
472782325,요약문
472782326,요약문
472782327,요약문
472782328,요약문
472782329,요약문
472782330,요약문
472782331,요약문
472782332,요약문
472782333,요약문
472782334,요약문
472782335,요약문
472782336,요약문
472782337,요약문
472782338,요약문
472782339,요약문
472782340,요약문
472782341,요약문
472782342,요약문
472782343,요약문
472782344,요약문
472782345,요약문
472782346,요약문
472782347,요약문
472782348,요약문
472782349,요약문
472782350,요약문
472782351,요약문
472782352,요약문
472782353,요약문
472782354,요약문
472782355,요약문
472782356,요약문
472782357,요약문
472782358,요약문
472782359,요약문
472782360,요약문
472782361,요약문
472782362,요약문
472782363,요약문
472782364,요약문
472782365,요약문
472782366,요약문
472782367,요약문
472782368,요약문
472782369,요약문
472782370,요약문
472782371,요약문
472782372,요약문
472782373,요약문
472782374,요약문
472782375,요약문
472782376,요약문
472782377,요약문
472782378,요약문
472782379,요약문
472782380,요약문
472782381,요약문
472782382,요약문
472782383,요약문
472782384,요약문
472782385,요약문
472782386,요약문
472782387,요약문
472782388,요약문
472782389,요약문
472782390,요약문
472782391,요약문
472782392,요약문
472782393,요약문
472782394,요약문
472782395,요약문
472782396,요약문
472782397,요약문
472782398,요약문
472782399,요약문
472782400,요약문
472782401,요약문
472782402,요약문
472782403,요약문
472782404,요약문
472782405,요약문
472782406,요약문
472782407,요약문
472782408,요약문
472782409,요약문
472782410,요약문
472782411,요약문
472782412,요약문
472782413,요약문
472782414,요약문
472782415,요약문
472782416,요약문
472782417,요약문
472782418,요약문
472782419,요약문
472782420,요약문
472782421,요약문
472782422,요약문
472782423,요약문
472782424,요약문
472782425,요약문
472782426,요약문
472782427,요약문
472782428,요약문
472782429,요약문
472782430,요약문
472782431,요약문
472782432,요약문
472782433,요약문
472782434,요약문
472782435,요약문
472782436,요약문
472782437,요약문
472782438,요약문
472782439,요약문
472782440,요약문
472782441,요약문
472782442,요약문
472782443,요약문
472782444,요약문
472782445,요약문
472782446,요약문
472782447,요약문
472782448,요약문
472782449,요약문
472782450,요약문
472782451,요약문
472782452,요약문
472782453,요약문
472782454,요약문
472782455,요약문
472782456,요약문
472782457,요약문
472782458,요약문
472782459,요약문
472782460,요약문
472782461,요약문
472782462,요약문
472782463,요약문
472782464,요약문
472782465,요약문
472782466,요약문
472782467,요약문
472782468,요약문
472782469,요약문
472782470,요약문
472782471,요약문
472782472,요약문
472782473,요약문
472782474,요약문
472782475,요약문
472782476,요약문
472782477,요약문
472782478,요약문
472782479,요약문
472782480,요약문
472782481,요약문
472782482,요약문
472782483,요약문
472782484,요약문
472782485,요약문
472782486,요약문
472782487,요약문
472782488,요약문
472782489,요약문
472782490,요약문
472782491,요약문
472782492,요약문
472782493,요약문
472782494,요약문
472782495,요약문
472782496,요약문
472782497,요약문
472782498,요약문
472782499,요약문
472782500,요약문
472782501,요약문
472782502,요약문
472782503,요약문
472782504,요약문
472782505,요약문
472782506,요약문
472782507,요약문
472782508,요약문
472782509,요약문
472782510,요약문
472782511,요약문
472782512,요약문
472782513,요약문
472782514,요약문
472782515,요약문
472782516,요약문
472782517,요약문
472782518,요약문
472782519,요약문
472782520,요약문
472782521,요약문
472782522,요약문
472782523,요약문
472782524,요약문
472782525,요약문
472782526,요약문
472782527,요약문
472782528,요약문
472782529,요약문
472782530,요약문
472782531,요약문
472782532,요약문
472782533,요약문
472782534,요약문
472782535,요약문
472782536,요약문
472782537,요약문
472782538,요약문
472782539,요약문
472782540,요약문
472782541,요약문
472782542,요약문
472782543,요약문
472782544,요약문
472782545,요약문
472782546,요약문
472782547,요약문
472782548,요약문
472782549,요약문
472782550,요약문
472782551,요약문
472782552,요약문
472782553,요약문
472782554,요약문
472782555,요약문
472782556,요약문
472782557,요약문
472782558,요약문
472782559,요약문
472782560,요약문
472782561,요약문
472782562,요약문
472782563,요약문
472782564,요약문
472782565,요약문
472782566,요약문
472782567,요약문
472782568,요약문
472782569,요약문
472782570,요약문
472782571,요약문
472782572,요약문
472782573,요약문
472782574,요약문
472782575,요약문
472782576,요약문
472782577,요약문
472782578,요약문
472782579,요약문
472782580,요약문
472782581,요약문
472782582,요약문
472782583,요약문
472782584,요약문
472782585,요약문
472782586,요약문
472782587,요약문
472782588,요약문
472782589,요약문
472782590,요약문
472782591,요약문
472782592,요약문
472782593,요약문
472782594,요약문
472782595,요약문
472782596,요약문
472782597,요약문
472782598,요약문
472782599,요약문
472782600,요약문
472782601,요약문
472782602,요약문
472782603,요약문
472782604,요약문
472782605,요약문
472782606,요약문
472782607,요약문
472782608,요약문
472782609,요약문
472782610,요약문
472782611,요약문
472782612,요약문
472782613,요약문
472782614,요약문
472782615,요약문
472782616,요약문
472782617,요약문
472782618,요약문
472782619,요약문
472782620,요약문
472782621,요약문
472782622,요약문
472782623,요약문
472782624,요약문
472782625,요약문
472782626,요약문
472782627,요약문
472782628,요약문
472782629,요약문
472782630,요약문
472782631,요약문
472782632,요약문
472782633,요약문
472782634,요약문
472782635,요약문
472782636,요약문
472782637,요약문
472782638,요약문
472782639,요약문
472782640,요약문
472782641,요약문
472782642,요약문
472782643,요약문
472782644,요약문
472782645,요약문
472782646,요약문
472782647,요약문
472782648,요약문
472782649,요약문
472782650,요약문
472782651,요약문
472782652,요약문
472782653,요약문
472782654,요약문
472782655,요약문
472782656,요약문
472782657,요약문
472782658,요약문
472782659,요약문
472782660,요약문
472782661,요약문
472782662,요약문
472782663,요약문
472782664,요약문
472782665,요약문
472782666,요약문
472782667,요약문
472782668,요약문
472782669,요약문
472782670,요약문
472782671,요약문
472782672,요약문
472782673,요약문
472782674,요약문
472782675,요약문
472782676,요약문
472782677,요약문
472782678,요약문
472782679,요약문
472782680,요약문
472782681,요약문
472782682,요약문
472782683,요약문
472782684,요약문
472782685,요약문
472782686,요약문
472782687,요약문
472782688,요약문
472782689,요약문
472782690,요약문
472782691,요약문
472782692,요약문
472782693,요약문
472782694,요약문
472782695,요약문
472782696,요약문
472782697,요약문
472782698,요약문
472782699,요약문
472782700,요약문
472782701,요약문
472782702,요약문
472782703,요약문
472782704,요약문
472782705,요약문
472782706,요약문
472782707,요약문
472782708,요약문
472782709,요약문
472782710,요약문
472782711,요약문
472782712,요약문
472782713,요약문
472782714,요약문
472782715,요약문
472782716,요약문
472782717,요약문
472782718,요약문
472782719,요약문
472782720,요약문
472782721,요약문
472782722,요약문
472782723,요약문
472782724,요약문
472782725,요약문
472782726,요약문
472782727,요약문
472782728,요약문
472782729,요약문
472782730,요약문
472782731,요약문
472782732,요약문
472782733,요약문
472782734,요약문
472782735,요약문
472782736,요약문
472782737,요약문
472782738,요약문
472782739,요약문
472782740,요약문
472782741,요약문
472782742,요약문
472782743,요약문
472782744,요약문
472782745,요약문
472782746,요약문
472782747,요약문
472782748,요약문
472782749,요약문
472782750,요약문
472782751,요약문
472782752,요약문
472782753,요약문
472782754,요약문
472782755,요약문
472782756,요약문
472782757,요약문
472782758,요약문
472782759,요약문
472782760,요약문
472782761,요약문
472782762,요약문
472782763,요약문
472782764,요약문
472782765,요약문
472782766,요약문
472782767,요약문
472782768,요약문
472782769,요약문
472782770,요약문
472782771,요약문
472782772,요약문
472782773,요약문
472782774,요약문
472782775,요약문
472782776,요약문
472782777,요약문
472782778,요약문
472782779,요약문
472782780,요약문
472782781,요약문
472782782,요약문
472782783,요약문
472782784,요약문
472782785,요약문
472782786,요약문
472782787,요약문
472782788,요약문
472782789,요약문
472782790,요약문
472782791,요약문
472782792,요약문
472782793,요약문
472782794,요약문
472782795,요약문
472782796,요약문
472782797,요약문
472782798,요약문
472782799,요약문
472782800,요약문
472782801,요약문
472782802,요약문
472782803,요약문
472782804,요약문
472782805,요약문
472782806,요약문
472782807,요약문
472782808,요약문
472782809,요약문
472782810,요약문
472782811,요약문
472782812,요약문
472782813,요약문
472782814,요약문
472782815,요약문
472782816,요약문
472782817,요약문
472782818,요약문
472782819,요약문
472782820,요약문
472782821,요약문
472782822,요약문
472782823,요약문
472782824,요약문
472782825,요약문
472782826,요약문
472782827,요약문
472782828,요약문
472782829,요약문
472782830,요약문
472782831,요약문
472782832,요약문
472782833,요약문
472782834,요약문
472782835,요약문
472782836,요약문
472782837,요약문
472782838,요약문
472782839,요약문
472782840,요약문
472782841,요약문
472782842,요약문
472782843,요약문
472782844,요약문
472782845,요약문
472782846,요약문
472782847,요약문
472782848,요약문
472782849,요약문
472782850,요약문
472782851,요약문
472782852,요약문
472782853,요약문
472782854,요약문
472782855,요약문
472782856,요약문
472782857,요약문
472782858,요약문
472782859,요약문
472782860,요약문
472782861,요약문
472782862,요약문
472782863,요약문
472782864,요약문
472782865,요약문
472782866,요약문
472782867,요약문
472782868,요약문
472782869,요약문
472782870,요약문
472782871,요약문
472782872,요약문
472782873,요약문
472782874,요약문
472782875,요약문
472782876,요약문
472782877,요약문
472782878,요약문
472782879,요약문
472782880,요약문
472782881,요약문
472782882,요약문
472782883,요약문
472782884,요약문
472782885,요약문
472782886,요약문
472782887,요약문
472782888,요약문
472782889,요약문
472782890,요약문
472782891,요약문
472782892,요약문
472782893,요약문
472782894,요약문
472782895,요약문
472782896,요약문
472782897,요약문
472782898,요약문
472782899,요약문
472782900,요약문
472782901,요약문
472782902,요약문
472782903,요약문
472782904,요약문
472782905,요약문
472782906,요약문
472782907,요약문
472782908,요약문
472782909,요약문
472782910,요약문
472782911,요약문
472782912,요약문
472782913,요약문
472782914,요약문
472782915,요약문
472782916,요약문
472782917,요약문
472782918,요약문
472782919,요약문
472782920,요약문
472782921,요약문
472782922,요약문
472782923,요약문
472782924,요약문
472782925,요약문
472782926,요약문
472782927,요약문
472782928,요약문
472782929,요약문
472782930,요약문
472782931,요약문
472782932,요약문
472782933,요약문
472782934,요약문
472782935,요약문
472782936,요약문
472782937,요약문
472782938,요약문
472782939,요약문
472782940,요약문
472782941,요약문
472782942,요약문
472782943,요약문
472782944,요약문
472782945,요약문
472782946,요약문
472782947,요약문
472782948,요약문
472782949,요약문
472782950,요약문
472782951,요약문
472782952,요약문
472782953,요약문
472782954,요약문
472782955,요약문
472782956,요약문
472782957,요약문
472782958,요약문
472782959,요약문
472782960,요약문
472782961,요약문
472782962,요약문
472782963,요약문
472782964,요약문
472782965,요약문
472782966,요약문
472782967,요약문
472782968,요약문
472782969,요약문
472782970,요약문
472782971,요약문
472782972,요약문
472782973,요약문
472782974,요약문
472782975,요약문
472782976,요약문
472782977,요약문
472782978,요약문
472782979,요약문
472782980,요약문
472782981,요약문
472782982,요약문
472782983,요약문
472782984,요약문
472782985,요약문
472782986,요약문
472782987,요약문
472782988,요약문
472782989,요약문
472782990,요약문
472782991,요약문
472782992,요약문
472782993,요약문
472782994,요약문
472782995,요약문
472782996,요약문
472782997,요약문
472782998,요약문
472782999,요약문
472783000,요약문
472783001,요약문
472783002,요약문
472783003,요약문
472783004,요약문
472783005,요약문
472783006,요약문
472783007,요약문
472783008,요약문
472783009,요약문
472783010,요약문
472783011,요약문
472783012,요약문
472783013,요약문
472783014,요약문
472783015,요약문
472783016,요약문
472783017,요약문
472783018,요약문
472783019,요약문
472783020,요약문
472783021,요약문
472783022,요약문
472783023,요약문
472783024,요약문
472783025,요약문
472783026,요약문
472783027,요약문
472783028,요약문
472783029,요약문
472783030,요약문
472783031,요약문
472783032,요약문
472783033,요약문
472783034,요약문
472783035,요약문
472783036,요약문
472783037,요약문
472783038,요약문
472783039,요약문
472783040,요약문
472783041,요약문
472783042,요약문
472783043,요약문
472783044,요약문
472783045,요약문
472783046,요약문
472783047,요약문
472783048,요약문
472783049,요약문
472783050,요약문
472783051,요약문
472783052,요약문
472783053,요약문
472783054,요약문
472783055,요약문
472783056,요약문
472783057,요약문
472783058,요약문
472783059,요약문
472783060,요약문
472783061,요약문
472783062,요약문
472783063,요약문
472783064,요약문
472783065,요약문
472783066,요약문
472783067,요약문
472783068,요약문
472783069,요약문
472783070,요약문
472783071,요약문
472783072,요약문
472783073,요약문
472783074,요약문
472783075,요약문
472783076,요약문
472783077,요약문
472783078,요약문
472783079,요약문
472783080,요약문
472783081,요약문
472783082,요약문
472783083,요약문
472783084,요약문
472783085,요약문
472783086,요약문
472783087,요약문
472783088,요약문
472783089,요약문
472783090,요약문
472783091,요약문
472783092,요약문
472783093,요약문
472783094,요약문
472783095,요약문
472783096,요약문
472783097,요약문
472783098,요약문
472783099,요약문
472783100,요약문
472783101,요약문
472783102,요약문
472783103,요약문
472783104,요약문
472783105,요약문
472783106,요약문
472783107,요약문
472783108,요약문
472783109,요약문
472783110,요약문
472783111,요약문
472783112,요약문
472783113,요약문
472783114,요약문
472783115,요약문
472783116,요약문
472783117,요약문
472783118,요약문
472783119,요약문
472783120,요약문
472783121,요약문
472783122,요약문
472783123,요약문
472783124,요약문
472783125,요약문
472783126,요약문
472783127,요약문
472783128,요약문
472783129,요약문
472783130,요약문
472783131,요약문
472783132,요약문
472783133,요약문
472783134,요약문
472783135,요약문
472783136,요약문
472783137,요약문
472783138,요약문
472783139,요약문
472783140,요약문
472783141,요약문
472783142,요약문
472783143,요약문
472783144,요약문
472783145,요약문
472783146,요약문
472783147,요약문
472783148,요약문
472783149,요약문
472783150,요약문
472783151,요약문
472783152,요약문
472783153,요약문
472783154,요약문
472783155,요약문
472783156,요약문
472783157,요약문
472783158,요약문
472783159,요약문
472783160,요약문
472783161,요약문
472783162,요약문
472783163,요약문
472783164,요약문
472783165,요약문
472783166,요약문
472783167,요약문
472783168,요약문
472783169,요약문
472783170,요약문
472783171,요약문
472783172,요약문
472783173,요약문
472783174,요약문
472783175,요약문
472783176,요약문
472783177,요약문
472783178,요약문
472783179,요약문
472783180,요약문
472783181,요약문
472783182,요약문
472783183,요약문
472783184,요약문
472783185,요약문
472783186,요약문
472783187,요약문
472783188,요약문
472783189,요약문
472783190,요약문
472783191,요약문
472783192,요약문
472783193,요약문
472783194,요약문
472783195,요약문
472783196,요약문
472783197,요약문
472783198,요약문
472783199,요약문
472783200,요약문
472783201,요약문
472783202,요약문
472783203,요약문
472783204,요약문
472783205,요약문
472783206,요약문
472783207,요약문
472783208,요약문
472783209,요약문
472783210,요약문
472783211,요약문
472783212,요약문
472783213,요약문
472783214,요약문
472783215,요약문
472783216,요약문
472783217,요약문
472783218,요약문
472783219,요약문
472783220,요약문
472783221,요약문
472783222,요약문
472783223,요약문
472783224,요약문
472783225,요약문
472783226,요약문
472783227,요약문
472783228,요약문
472783229,요약문
472783230,요약문
472783231,요약문
472783232,요약문
472783233,요약문
472783234,요약문
472783235,요약문
472783236,요약문
472783237,요약문
472783238,요약문
472783239,요약문
472783240,요약문
472783241,요약문
472783242,요약문
472783243,요약문
472783244,요약문
472783245,요약문
472783246,요약문
472783247,요약문
472783248,요약문
472783249,요약문
472783250,요약문
472783251,요약문
472783252,요약문
472783253,요약문
472783254,요약문
472783255,요약문
472783256,요약문
472783257,요약문
472783258,요약문
472783259,요약문
472783260,요약문
472783261,요약문
472783262,요약문
472783263,요약문
472783264,요약문
472783265,요약문
472783266,요약문
472783267,요약문
472783268,요약문
472783269,요약문
472783270,요약문
472783271,요약문
472783272,요약문
472783273,요약문
472783274,요약문
472783275,요약문
472783276,요약문
472783277,요약문
472783278,요약문
472783279,요약문
472783280,요약문
472783281,요약문
472783282,요약문
472783283,요약문
472783284,요약문
472783285,요약문
472783286,요약문
472783287,요약문
472783288,요약문
472783289,요약문
472783290,요약문
472783291,요약문
472783292,요약문
472783293,요약문
472783294,요약문
472783295,요약문
472783296,요약문
472783297,요약문
472783298,요약문
472783299,요약문
472783300,요약문
472783301,요약문
472783302,요약문
472783303,요약문
472783304,요약문
472783305,요약문
472783306,요약문
472783307,요약문
472783308,요약문
472783309,요약문
472783310,요약문
472783311,요약문
472783312,요약문
472783313,요약문
472783314,요약문
472783315,요약문
472783316,요약문
472783317,요약문
472783318,요약문
472783319,요약문
472783320,요약문
472783321,요약문
472783322,요약문
472783323,요약문
472783324,요약문
472783325,요약문
472783326,요약문
472783327,요약문
472783328,요약문
472783329,요약문
472783330,요약문
472783331,요약문
472783332,요약문
472783333,요약문
472783334,요약문
472783335,요약문
472783336,요약문
472783337,요약문
472783338,요약문
472783339,요약문
472783340,요약문
472783341,요약문
472783342,요약문
472783343,요약문
472783344,요약문
472783345,요약문
472783346,요약문
472783347,요약문
472783348,요약문
472783349,요약문
472783350,요약문
472783351,요약문
472783352,요약문
472783353,요약문
472783354,요약문
472783355,요약문
472783356,요약문
472783357,요약문
472783358,요약문
472783359,요약문
472783360,요약문
472783361,요약문
472783362,요약문
472783363,요약문
472783364,요약문
472783365,요약문
472783366,요약문
472783367,요약문
472783368,요약문
472783369,요약문
472783370,요약문
472783371,요약문
472783372,요약문
472783373,요약문
472783374,요약문
472783375,요약문
472783376,요약문
472783377,요약문
472783378,요약문
472783379,요약문
472783380,요약문
472783381,요약문
472783382,요약문
472783383,요약문
472783384,요약문
472783385,요약문
472783386,요약문
472783387,요약문
472783388,요약문
472783389,요약문
472783390,요약문
472783391,요약문
472783392,요약문
472783393,요약문
472783394,요약문
472783395,요약문
472783396,요약문
472783397,요약문
472783398,요약문
472783399,요약문
472783400,요약문
472783401,요약문
472783402,요약문
472783403,요약문
472783404,요약문
472783405,요약문
472783406,요약문
472783407,요약문
472783408,요약문
472783409,요약문
472783410,요약문
472783411,요약문
472783412,요약문
472783413,요약문
472783414,요약문
472783415,요약문
472783416,요약문
472783417,요약문
472783418,요약문
472783419,요약문
472783420,요약문
472783421,요약문
472783422,요약문
472783423,요약문
472783424,요약문
472783425,요약문
472783426,요약문
472783427,요약문
472783428,요약문
472783429,요약문
472783430,요약문
472783431,요약문
472783432,요약문
472783433,요약문
472783434,요약문
472783435,요약문
472783436,요약문
472783437,요약문
472783438,요약문
472783439,요약문
472783440,요약문
472783441,요약문
472783442,요약문
472783443,요약문
472783444,요약문
472783445,요약문
472783446,요약문
472783447,요약문
472783448,요약문
472783449,요약문
472783450,요약문
472783451,요약문
472783452,요약문
472783453,요약문
472783454,요약문
472783455,요약문
472783456,요약문
472783457,요약문
472783458,요약문
472783459,요약문
472783460,요약문
472783461,요약문
472783462,요약문
472783463,요약문
472783464,요약문
472783465,요약문
472783466,요약문
472783467,요약문
472783468,요약문
472783469,요약문
472783470,요약문
472783471,요약문
472783472,요약문
472783473,요약문
472783474,요약문
472783475,요약문
472783476,요약문
472783477,요약문
472783478,요약문
472783479,요약문
472783480,요약문
472783481,요약문
472783482,요약문
472783483,요약문
472783484,요약문
472783485,요약문
472783486,요약문
472783487,요약문
472783488,요약문
472783489,요약문
472783490,요약문
472783491,요약문
472783492,요약문
472783493,요약문
472783494,요약문
472783495,요약문
472783496,요약문
472783497,요약문
472783498,요약문
472783499,요약문
472783500,요약문
472783501,요약문
472783502,요약문
472783503,요약문
472783504,요약문
472783505,요약문
472783506,요약문
472783507,요약문
472783508,요약문
472783509,요약문
472783510,요약문
472783511,요약문
472783512,요약문
472783513,요약문
472783514,요약문
472783515,요약문
472783516,요약문
472783517,요약문
472783518,요약문
472783519,요약문
472783520,요약문
472783521,요약문
472783522,요약문
472783523,요약문
472783524,요약문
472783525,요약문
472783526,요약문
472783527,요약문
472783528,요약문
472783529,요약문
472783530,요약문
472783531,요약문
472783532,요약문
472783533,요약문
472783534,요약문
472783535,요약문
472783536,요약문
472783537,요약문
472783538,요약문
472783539,요약문
472783540,요약문
472783541,요약문
472783542,요약문
472783543,요약문
472783544,요약문
472783545,요약문
472783546,요약문
472783547,요약문
472783548,요약문
472783549,요약문
472783550,요약문
472783551,요약문
472783552,요약문
472783553,요약문
472783554,요약문
472783555,요약문
472783556,요약문
472783557,요약문
472783558,요약문
472783559,요약문
472783560,요약문
472783561,요약문
472783562,요약문
472783563,요약문
472783564,요약문
472783565,요약문
472783566,요약문
472783567,요약문
472783568,요약문
472783569,요약문
472783570,요약문
472783571,요약문
472783572,요약문
472783573,요약문
472783574,요약문
472783575,요약문
472783576,요약문
472783577,요약문
472783578,요약문
472783579,요약문
472783580,요약문
472783581,요약문
472783582,요약문
472783583,요약문
472783584,요약문
472783585,요약문
472783586,요약문
472783587,요약문
472783588,요약문
472783589,요약문
472783590,요약문
472783591,요약문
472783592,요약문
472783593,요약문
472783594,요약문
472783595,요약문
472783596,요약문
472783597,요약문
472783598,요약문
472783599,요약문
472783600,요약문
472783601,요약문
472783602,요약문
472783603,요약문
472783604,요약문
472783605,요약문
472783606,요약문
472783607,요약문
472783608,요약문
472783609,요약문
472783610,요약문
472783611,요약문
472783612,요약문
472783613,요약문
472783614,요약문
472783615,요약문
472783616,요약문
472783617,요약문
472783618,요약문
472783619,요약문
472783620,요약문
472783621,요약문
472783622,요약문
472783623,요약문
472783624,요약문
472783625,요약문
472783626,요약문
472783627,요약문
472783628,요약문
472783629,요약문
472783630,요약문
472783631,요약문
472783632,요약문
472783633,요약문
472783634,요약문
472783635,요약문
472783636,요약문
472783637,요약문
472783638,요약문
472783639,요약문
472783640,요약문
472783641,요약문
472783642,요약문
472783643,요약문
472783644,요약문
472783645,요약문
472783646,요약문
472783647,요약문
472783648,요약문
472783649,요약문
472783650,요약문
472783651,요약문
472783652,요약문
472783653,요약문
472783654,요약문
472783655,요약문
472783656,요약문
472783657,요약문
472783658,요약문
472783659,요약문
472783660,요약문
472783661,요약문
472783662,요약문
472783663,요약문
472783664,요약문
472783665,요약문
472783666,요약문
472783667,요약문
472783668,요약문
472783669,요약문
472783670,요약문
472783671,요약문
472783672,요약문
472783673,요약문
472783674,요약문
472783675,요약문
472783676,요약문
472783677,요약문
472783678,요약문
472783679,요약문
472783680,요약문
472783681,요약문
472783682,요약문
472783683,요약문
472783684,요약문
472783685,요약문
472783686,요약문
472783687,요약문
472783688,요약문
472783689,요약문
472783690,요약문
472783691,요약문
472783692,요약문
472783693,요약문
472783694,요약문
472783695,요약문
472783696,요약문
472783697,요약문
472783698,요약문
472783699,요약문
472783700,요약문
472783701,요약문
472783702,요약문
472783703,요약문
472783704,요약문
472783705,요약문
472783706,요약문
472783707,요약문
472783708,요약문
472783709,요약문
472783710,요약문
472783711,요약문
472783712,요약문
472783713,요약문
472783714,요약문
472783715,요약문
472783716,요약문
472783717,요약문
472783718,요약문
472783719,요약문
472783720,요약문
472783721,요약문
472783722,요약문
472783723,요약문
472783724,요약문
472783725,요약문
472783726,요약문
472783727,요약문
472783728,요약문
472783729,요약문
472783730,요약문
472783731,요약문
472783732,요약문
472783733,요약문
472783734,요약문
472783735,요약문
472783736,요약문
472783737,요약문
472783738,요약문
472783739,요약문
472783740,요약문
472783741,요약문
472783742,요약문
472783743,요약문
472783744,요약문
472783745,요약문
472783746,요약문
472783747,요약문
472783748,요약문
472783749,요약문
472783750,요약문
472783751,요약문
472783752,요약문
472783753,요약문
472783754,요약문
472783755,요약문
472783756,요약문
472783757,요약문
472783758,요약문
472783759,요약문
472783760,요약문
472783761,요약문
472783762,요약문
472783763,요약문
472783764,요약문
472783765,요약문
472783766,요약문
472783767,요약문
472783768,요약문
472783769,요약문
472783770,요약문
472783771,요약문
472783772,요약문
472783773,요약문
472783774,요약문
472783775,요약문
472783776,요약문
472783777,요약문
472783778,요약문
472783779,요약문
472783780,요약문
472783781,요약문
472783782,요약문
472783783,요약문
472783784,요약문
472783785,요약문
472783786,요약문
472783787,요약문
472783788,요약문
472783789,요약문
472783790,요약문
472783791,요약문
472783792,요약문
472783793,요약문
472783794,요약문
472783795,요약문
472783796,요약문
472783797,요약문
472783798,요약문
472783799,요약문
472783800,요약문
472783801,요약문
472783802,요약문
472783803,요약문
472783804,요약문
472783805,요약문
472783806,요약문
472783807,요약문
472783808,요약문
472783809,요약문
472783810,요약문
472783811,요약문
472783812,요약문
472783813,요약문
472783814,요약문
472783815,요약문
472783816,요약문
472783817,요약문
472783818,요약문
472783819,요약문
472783820,요약문
472783821,요약문
472783822,요약문
472783823,요약문
472783824,요약문
472783825,요약문
472783826,요약문
472783827,요약문
472783828,요약문
472783829,요약문
472783830,요약문
472783831,요약문
472783832,요약문
472783833,요약문
472783834,요약문
472783835,요약문
472783836,요약문
472783837,요약문
472783838,요약문
472783839,요약문
472783840,요약문
472783841,요약문
472783842,요약문
472783843,요약문
472783844,요약문
472783845,요약문
472783846,요약문
472783847,요약문
472783848,요약문
472783849,요약문
472783850,요약문
472783851,요약문
472783852,요약문
472783853,요약문
472783854,요약문
472783855,요약문
472783856,요약문
472783857,요약문
472783858,요약문
472783859,요약문
472783860,요약문
472783861,요약문
472783862,요약문
472783863,요약문
472783864,요약문
472783865,요약문
472783866,요약문
472783867,요약문
472783868,요약문
472783869,요약문
472783870,요약문
472783871,요약문
472783872,요약문
472783873,요약문
472783874,요약문
472783875,요약문
472783876,요약문
472783877,요약문
472783878,요약문
472783879,요약문
472783880,요약문
472783881,요약문
472783882,요약문
472783883,요약문
472783884,요약문
472783885,요약문
472783886,요약문
472783887,요약문
472783888,요약문
472783889,요약문
472783890,요약문
472783891,요약문
472783892,요약문
472783893,요약문
472783894,요약문
472783895,요약문
472783896,요약문
472783897,요약문
472783898,요약문
472783899,요약문
472783900,요약문
472783901,요약문
472783902,요약문
472783903,요약문
472783904,요약문
472783905,요약문
472783906,요약문
472783907,요약문
472783908,요약문
472783909,요약문
472783910,요약문
472783911,요약문
472783912,요약문
472783913,요약문
472783914,요약문
472783915,요약문
472783916,요약문
472783917,요약문
472783918,요약문
472783919,요약문
472783920,요약문
472783921,요약문
472783922,요약문
472783923,요약문
472783924,요약문
472783925,요약문
472783926,요약문
472783927,요약문
472783928,요약문
472783929,요약문
472783930,요약문
472783931,요약문
472783932,요약문
472783933,요약문
472783934,요약문
472783935,요약문
472783936,요약문
472783937,요약문
472783938,요약문
472783939,요약문
472783940,요약문
472783941,요약문
472783942,요약문
472783943,요약문
472783944,요약문
472783945,요약문
472783946,요약문
472783947,요약문
472783948,요약문
472783949,요약문
472783950,요약문
472783951,요약문
472783952,요약문
472783953,요약문
472783954,요약문
472783955,요약문
472783956,요약문
472783957,요약문
472783958,요약문
472783959,요약문
472783960,요약문
472783961,요약문
472783962,요약문
472783963,요약문
472783964,요약문
472783965,요약문
472783966,요약문
472783967,요약문
472783968,요약문
472783969,요약문
472783970,요약문
472783971,요약문
472783972,요약문
472783973,요약문
472783974,요약문
472783975,요약문
472783976,요약문
472783977,요약문
472783978,요약문
472783979,요약문
472783980,요약문
472783981,요약문
472783982,요약문
472783983,요약문
472783984,요약문
472783985,요약문
472783986,요약문
472783987,요약문
472783988,요약문
472783989,요약문
472783990,요약문
472783991,요약문
472783992,요약문
472783993,요약문
472783994,요약문
472783995,요약문
472783996,요약문
472783997,요약문
472783998,요약문
472783999,요약문
472784000,요약문
472784001,요약문
472784002,요약문
472784003,요약문
472784004,요약문
472784005,요약문
472784006,요약문
472784007,요약문
472784008,요약문
472784009,요약문
472784010,요약문
472784011,요약문
472784012,요약문
472784013,요약문
472784014,요약문
472784015,요약문
472784016,요약문
472784017,요약문
472784018,요약문
472784019,요약문
472784020,요약문
472784021,요약문
472784022,요약문
472784023,요약문
472784024,요약문
472784025,요약문
472784026,요약문
472784027,요약문
472784028,요약문
472784029,요약문
472784030,요약문
472784031,요약문
472784032,요약문
472784033,요약문
472784034,요약문
472784035,요약문
472784036,요약문
472784037,요약문
472784038,요약문
472784039,요약문
472784040,요약문
472784041,요약문
472784042,요약문
472784043,요약문
472784044,요약문
472784045,요약문
472784046,요약문
472784047,요약문
472784048,요약문
472784049,요약문
472784050,요약문
472784051,요약문
472784052,요약문
472784053,요약문
472784054,요약문
472784055,요약문
472784056,요약문
472784057,요약문
472784058,요약문
472784059,요약문
472784060,요약문
472784061,요약문
472784062,요약문
472784063,요약문
472784064,요약문
472784065,요약문
472784066,요약문
472784067,요약문
472784068,요약문
472784069,요약문
472784070,요약문
472784071,요약문
472784072,요약문
472784073,요약문
472784074,요약문
472784075,요약문
472784076,요약문
472784077,요약문
472784078,요약문
472784079,요약문
472784080,요약문
472784081,요약문
472784082,요약문
472784083,요약문
472784084,요약문
472784085,요약문
472784086,요약문
472784087,요약문
472784088,요약문
472784089,요약문
472784090,요약문
472784091,요약문
472784092,요약문
472784093,요약문
472784094,요약문
472784095,요약문
472784096,요약문
472784097,요약문
472784098,요약문
472784099,요약문
472784100,요약문
472784101,요약문
472784102,요약문
472784103,요약문
472784104,요약문
472784105,요약문
472784106,요약문
472784107,요약문
472784108,요약문
472784109,요약문
472784110,요약문
472784111,요약문
472784112,요약문
472784113,요약문
472784114,요약문
472784115,요약문
472784116,요약문
472784117,요약문
472784118,요약문
472784119,요약문
472784120,요약문
472784121,요약문
472784122,요약문
472784123,요약문
472784124,요약문
472784125,요약문
472784126,요약문
472784127,요약문
472784128,요약문
472784129,요약문
472784130,요약문
472784131,요약문
472784132,요약문
472784133,요약문
472784134,요약문
472784135,요약문
472784136,요약문
472784137,요약문
472784138,요약문
472784139,요약문
472784140,요약문
472784141,요약문
472784142,요약문
472784143,요약문
472784144,요약문
472784145,요약문
472784146,요약문
472784147,요약문
472784148,요약문
472784149,요약문
472784150,요약문
472784151,요약문
472784152,요약문
472784153,요약문
472784154,요약문
472784155,요약문
472784156,요약문
472784157,요약문
472784158,요약문
472784159,요약문
472784160,요약문
472784161,요약문
472784162,요약문
472784163,요약문
472784164,요약문
472784165,요약문
472784166,요약문
472784167,요약문
472784168,요약문
472784169,요약문
472784170,요약문
472784171,요약문
472784172,요약문
472784173,요약문
472784174,요약문
472784175,요약문
472784176,요약문
472784177,요약문
472784178,요약문
472784179,요약문
472784180,요약문
472784181,요약문
472784182,요약문
472784183,요약문
472784184,요약문
472784185,요약문
472784186,요약문
472784187,요약문
472784188,요약문
472784189,요약문
472784190,요약문
472784191,요약문
472784192,요약문
472784193,요약문
472784194,요약문
472784195,요약문
472784196,요약문
472784197,요약문
472784198,요약문
472784199,요약문
472784200,요약문
472784201,요약문
472784202,요약문
472784203,요약문
472784204,요약문
472784205,요약문
472784206,요약문
472784207,요약문
472784208,요약문
472784209,요약문
472784210,요약문
472784211,요약문
472784212,요약문
472784213,요약문
472784214,요약문
472784215,요약문
472784216,요약문
472784217,요약문
472784218,요약문
472784219,요약문
472784220,요약문
472784221,요약문
472784222,요약문
472784223,요약문
472784224,요약문
472784225,요약문
472784226,요약문
472784227,요약문
472784228,요약문
472784229,요약문
472784230,요약문
472784231,요약문
472784232,요약문
472784233,요약문
472784234,요약문
472784235,요약문
472784236,요약문
472784237,요약문
472784238,요약문
472784239,요약문
472784240,요약문
472784241,요약문
472784242,요약문
472784243,요약문
472784244,요약문
472784245,요약문
472784246,요약문
472784247,요약문
472784248,요약문
472784249,요약문
472784250,요약문
472784251,요약문
472784252,요약문
472784253,요약문
472784254,요약문
472784255,요약문
472784256,요약문
472784257,요약문
472784258,요약문
472784259,요약문
472784260,요약문
472784261,요약문
472784262,요약문
472784263,요약문
472784264,요약문
472784265,요약문
472784266,요약문
472784267,요약문
472784268,요약문
472784269,요약문
472784270,요약문
472784271,요약문
472784272,요약문
472784273,요약문
472784274,요약문
472784275,요약문
472784276,요약문
472784277,요약문
472784278,요약문
472784279,요약문
472784280,요약문
472784281,요약문
472784282,요약문
472784283,요약문
472784284,요약문
472784285,요약문
472784286,요약문
472784287,요약문
472784288,요약문
472784289,요약문
472784290,요약문
472784291,요약문
472784292,요약문
472784293,요약문
472784294,요약문
472784295,요약문
472784296,요약문
472784297,요약문
472784298,요약문
472784299,요약문
472784300,요약문
472784301,요약문
472784302,요약문
472784303,요약문
472784304,요약문
472784305,요약문
472784306,요약문
472784307,요약문
472784308,요약문
472784309,요약문
472784310,요약문
472784311,요약문
472784312,요약문
472784313,요약문
472784314,요약문
472784315,요약문
472784316,요약문
472784317,요약문
472784318,요약문
472784319,요약문
472784320,요약문
472784321,요약문
472784322,요약문
472784323,요약문
472784324,요약문
472784325,요약문
472784326,요약문
472784327,요약문
472784328,요약문
472784329,요약문
472784330,요약문
472784331,요약문
472784332,요약문
472784333,요약문
472784334,요약문
472784335,요약문
472784336,요약문
472784337,요약문
472784338,요약문
472784339,요약문
472784340,요약문
472784341,요약문
472784342,요약문
472784343,요약문
472784344,요약문
472784345,요약문
472784346,요약문
472784347,요약문
472784348,요약문
472784349,요약문
472784350,요약문
472784351,요약문
472784352,요약문
472784353,요약문
472784354,요약문
472784355,요약문
472784356,요약문
472784357,요약문
472784358,요약문
472784359,요약문
472784360,요약문
472784361,요약문
472784362,요약문
472784363,요약문
472784364,요약문
472784365,요약문
472784366,요약문
472784367,요약문
472784368,요약문
472784369,요약문
472784370,요약문
472784371,요약문
472784372,요약문
472784373,요약문
472784374,요약문
472784375,요약문
472784376,요약문
472784377,요약문
472784378,요약문
472784379,요약문
472784380,요약문
472784381,요약문
472784382,요약문
472784383,요약문
472784384,요약문
472784385,요약문
472784386,요약문
472784387,요약문
472784388,요약문
472784389,요약문
472784390,요약문
472784391,요약문
472784392,요약문
472784393,요약문
472784394,요약문
472784395,요약문
472784396,요약문
472784397,요약문
472784398,요약문
472784399,요약문
472784400,요약문
472784401,요약문
472784402,요약문
472784403,요약문
472784404,요약문
472784405,요약문
472784406,요약문
472784407,요약문
472784408,요약문
472784409,요약문
472784410,요약문
472784411,요약문
472784412,요약문
472784413,요약문
472784414,요약문
472784415,요약문
472784416,요약문
472784417,요약문
472784418,요약문
472784419,요약문
472784420,요약문
472784421,요약문
472784422,요약문
472784423,요약문
472784424,요약문
472784425,요약문
472784426,요약문
472784427,요약문
472784428,요약문
472784429,요약문
472784430,요약문
472784431,요약문
472784432,요약문
472784433,요약문
472784434,요약문
472784435,요약문
472784436,요약문
472784437,요약문
472784438,요약문
472784439,요약문
472784440,요약문
472784441,요약문
472784442,요약문
472784443,요약문
472784444,요약문
472784445,요약문
472784446,요약문
472784447,요약문
472784448,요약문
472784449,요약문
472784450,요약문
472784451,요약문
472784452,요약문
472784453,요약문
472784454,요약문
472784455,요약문
472784456,요약문
472784457,요약문
472784458,요약문
472784459,요약문
472784460,요약문
472784461,요약문
472784462,요약문
472784463,요약문
472784464,요약문
472784465,요약문
472784466,요약문
472784467,요약문
472784468,요약문
472784469,요약문
472784470,요약문
472784471,요약문
472784472,요약문
472784473,요약문
472784474,요약문
472784475,요약문
472784476,요약문
472784477,요약문
472784478,요약문
472784479,요약문
472784480,요약문
472784481,요약문
472784482,요약문
472784483,요약문
472784484,요약문
472784485,요약문
472784486,요약문
472784487,요약문
472784488,요약문
472784489,요약문
472784490,요약문
472784491,요약문
472784492,요약문
472784493,요약문
472784494,요약문
472784495,요약문
472784496,요약문
472784497,요약문
472784498,요약문
472784499,요약문
472784500,요약문
472784501,요약문
472784502,요약문
472784503,요약문
472784504,요약문
472784505,요약문
472784506,요약문
472784507,요약문
472784508,요약문
472784509,요약문
472784510,요약문
472784511,요약문
472784512,요약문
472784513,요약문
472784514,요약문
472784515,요약문
472784516,요약문
472784517,요약문
472784518,요약문
472784519,요약문
472784520,요약문
472784521,요약문
472784522,요약문
472784523,요약문
472784524,요약문
472784525,요약문
472784526,요약문
472784527,요약문
472784528,요약문
472784529,요약문
472784530,요약문
472784531,요약문
472784532,요약문
472784533,요약문
472784534,요약문
472784535,요약문
472784536,요약문
472784537,요약문
472784538,요약문
472784539,요약문
472784540,요약문
472784541,요약문
472784542,요약문
472784543,요약문
472784544,요약문
472784545,요약문
472784546,요약문
472784547,요약문
472784548,요약문
472784549,요약문
472784550,요약문
472784551,요약문
472784552,요약문
472784553,요약문
472784554,요약문
472784555,요약문
472784556,요약문
472784557,요약문
472784558,요약문
472784559,요약문
472784560,요약문
472784561,요약문
472784562,요약문
472784563,요약문
472784564,요약문
472784565,요약문
472784566,요약문
472784567,요약문
472784568,요약문
472784569,요약문
472784570,요약문
472784571,요약문
472784572,요약문
472784573,요약문
472784574,요약문
472784575,요약문
472784576,요약문
472784577,요약문
472784578,요약문
472784579,요약문
472784580,요약문
472784581,요약문
472784582,요약문
472784583,요약문
472784584,요약문
472784585,요약문
472784586,요약문
472784587,요약문
472784588,요약문
472784589,요약문
472784590,요약문
472784591,요약문
472784592,요약문
472784593,요약문
472784594,요약문
472784595,요약문
472784596,요약문
472784597,요약문
472784598,요약문
472784599,요약문
472784600,요약문
472784601,요약문
472784602,요약문
472784603,요약문
472784604,요약문
472784605,요약문
472784606,요약문
472784607,요약문
472784608,요약문
472784609,요약문
472784610,요약문
472784611,요약문
472784612,요약문
472784613,요약문
472784614,요약문
472784615,요약문
472784616,요약문
472784617,요약문
472784618,요약문
472784619,요약문
472784620,요약문
472784621,요약문
472784622,요약문
472784623,요약문
472784624,요약문
472784625,요약문
472784626,요약문
472784627,요약문
472784628,요약문
472784629,요약문
472784630,요약문
472784631,요약문
472784632,요약문
472784633,요약문
472784634,요약문
472784635,요약문
472784636,요약문
472784637,요약문
472784638,요약문
472784639,요약문
472784640,요약문
472784641,요약문
472784642,요약문
472784643,요약문
472784644,요약문
472784645,요약문
472784646,요약문
472784647,요약문
472784648,요약문
472784649,요약문
472784650,요약문
472784651,요약문
472784652,요약문
472784653,요약문
472784654,요약문
472784655,요약문
472784656,요약문
472784657,요약문
472784658,요약문
472784659,요약문
472784660,요약문
472784661,요약문
472784662,요약문
472784663,요약문
472784664,요약문
472784665,요약문
472784666,요약문
472784667,요약문
472784668,요약문
472784669,요약문
472784670,요약문
472784671,요약문
472784672,요약문
472784673,요약문
472784674,요약문
472784675,요약문
472784676,요약문
472784677,요약문
472784678,요약문
472784679,요약문
472784680,요약문
472784681,요약문
472784682,요약문
472784683,요약문
472784684,요약문
472784685,요약문
472784686,요약문
472784687,요약문
472784688,요약문
472784689,요약문
472784690,요약문
472784691,요약문
472784692,요약문
472784693,요약문
472784694,요약문
472784695,요약문
472784696,요약문
472784697,요약문
472784698,요약문
472784699,요약문
472784700,요약문
472784701,요약문
472784702,요약문
472784703,요약문
472784704,요약문
472784705,요약문
472784706,요약문
472784707,요약문
472784708,요약문
472784709,요약문
472784710,요약문
472784711,요약문
472784712,요약문
472784713,요약문
472784714,요약문
472784715,요약문
472784716,요약문
472784717,요약문
472784718,요약문
472784719,요약문
472784720,요약문
472784721,요약문
472784722,요약문
472784723,요약문
472784724,요약문
472784725,요약문
472784726,요약문
472784727,요약문
472784728,요약문
472784729,요약문
472784730,요약문
472784731,요약문
472784732,요약문
472784733,요약문
472784734,요약문
472784735,요약문
472784736,요약문
472784737,요약문
472784738,요약문
472784739,요약문
472784740,요약문
472784741,요약문
472784742,요약문
472784743,요약문
472784744,요약문
472784745,요약문
472784746,요약문
472784747,요약문
472784748,요약문
472784749,요약문
472784750,요약문
472784751,요약문
472784752,요약문
472784753,요약문
472784754,요약문
472784755,요약문
472784756,요약문
472784757,요약문
472784758,요약문
472784759,요약문
472784760,요약문
472784761,요약문
472784762,요약문
472784763,요약문
472784764,요약문
472784765,요약문
472784766,요약문
472784767,요약문
472784768,요약문
472784769,요약문
472784770,요약문
472784771,요약문
472784772,요약문
472784773,요약문
472784774,요약문
472784775,요약문
472784776,요약문
472784777,요약문
472784778,요약문
472784779,요약문
472784780,요약문
472784781,요약문
472784782,요약문
472784783,요약문
472784784,요약문
472784785,요약문
472784786,요약문
472784787,요약문
472784788,요약문
472784789,요약문
472784790,요약문
472784791,요약문
472784792,요약문
472784793,요약문
472784794,요약문
472784795,요약문
472784796,요약문
472784797,요약문
472784798,요약문
472784799,요약문
472784800,요약문
472784801,요약문
472784802,요약문
472784803,요약문
472784804,요약문
472784805,요약문
472784806,요약문
472784807,요약문
472784808,요약문
472784809,요약문
472784810,요약문
472784811,요약문
472784812,요약문
472784813,요약문
472784814,요약문
472784815,요약문
472784816,요약문
472784817,요약문
472784818,요약문
472784819,요약문
472784820,요약문
472784821,요약문
472784822,요약문
472784823,요약문
472784824,요약문
472784825,요약문
472784826,요약문
472784827,요약문
472784828,요약문
472784829,요약문
472784830,요약문
472784831,요약문
472784832,요약문
472784833,요약문
472784834,요약문
472784835,요약문
472784836,요약문
472784837,요약문
472784838,요약문
472784839,요약문
472784840,요약문
472784841,요약문
472784842,요약문
472784843,요약문
472784844,요약문
472784845,요약문
472784846,요약문
472784847,요약문
472784848,요약문
472784849,요약문
472784850,요약문
472784851,요약문
472784852,요약문
472784853,요약문
472784854,요약문
472784855,요약문
472784856,요약문
472784857,요약문
472784858,요약문
472784859,요약문
472784860,요약문
472784861,요약문
472784862,요약문
472784863,요약문
472784864,요약문
472784865,요약문
472784866,요약문
472784867,요약문
472784868,요약문
472784869,요약문
472784870,요약문
472784871,요약문
472784872,요약문
472784873,요약문
472784874,요약문
472784875,요약문
472784876,요약문
472784877,요약문
472784878,요약문
472784879,요약문
472784880,요약문
472784881,요약문
472784882,요약문
472784883,요약문
472784884,요약문
472784885,요약문
472784886,요약문
472784887,요약문
472784888,요약문
472784889,요약문
472784890,요약문
472784891,요약문
472784892,요약문
472784893,요약문
472784894,요약문
472784895,요약문
472784896,요약문
472784897,요약문
472784898,요약문
472784899,요약문
472784900,요약문
472784901,요약문
472784902,요약문
472784903,요약문
472784904,요약문
472784905,요약문
472784906,요약문
472784907,요약문
472784908,요약문
472784909,요약문
472784910,요약문
472784911,요약문
472784912,요약문
472784913,요약문
472784914,요약문
472784915,요약문
472784916,요약문
472784917,요약문
472784918,요약문
472784919,요약문
472784920,요약문
472784921,요약문
472784922,요약문
472784923,요약문
472784924,요약문
472784925,요약문
472784926,요약문
472784927,요약문
472784928,요약문
472784929,요약문
472784930,요약문
472784931,요약문
472784932,요약문
472784933,요약문
472784934,요약문
472784935,요약문
472784936,요약문
472784937,요약문
472784938,요약문
472784939,요약문
472784940,요약문
472784941,요약문
472784942,요약문
472784943,요약문
472784944,요약문
472784945,요약문
472784946,요약문
472784947,요약문
472784948,요약문
472784949,요약문
472784950,요약문
472784951,요약문
472784952,요약문
472784953,요약문
472784954,요약문
472784955,요약문
472784956,요약문
472784957,요약문
472784958,요약문
472784959,요약문
472784960,요약문
472784961,요약문
472784962,요약문
472784963,요약문
472784964,요약문
472784965,요약문
472784966,요약문
472784967,요약문
472784968,요약문
472784969,요약문
472784970,요약문
472784971,요약문
472784972,요약문
472784973,요약문
472784974,요약문
472784975,요약문
472784976,요약문
472784977,요약문
472784978,요약문
472784979,요약문
472784980,요약문
472784981,요약문
472784982,요약문
472784983,요약문
472784984,요약문
472784985,요약문
472784986,요약문
472784987,요약문
472784988,요약문
472784989,요약문
472784990,요약문
472784991,요약문
472784992,요약문
472784993,요약문
472784994,요약문
472784995,요약문
472784996,요약문
472784997,요약문
472784998,요약문
472784999,요약문
472785000,요약문
472785001,요약문
472785002,요약문
472785003,요약문
472785004,요약문
472785005,요약문
472785006,요약문
472785007,요약문
472785008,요약문
472785009,요약문
472785010,요약문
472785011,요약문
472785012,요약문
472785013,요약문
472785014,요약문
472785015,요약문
472785016,요약문
472785017,요약문
472785018,요약문
472785019,요약문
472785020,요약문
472785021,요약문
472785022,요약문
472785023,요약문
472785024,요약문
472785025,요약문
472785026,요약문
472785027,요약문
472785028,요약문
472785029,요약문
472785030,요약문
472785031,요약문
472785032,요약문
472785033,요약문
472785034,요약문
472785035,요약문
472785036,요약문
472785037,요약문
472785038,요약문
472785039,요약문
472785040,요약문
472785041,요약문
472785042,요약문
472785043,요약문
472785044,요약문
472785045,요약문
472785046,요약문
472785047,요약문
472785048,요약문
472785049,요약문
472785050,요약문
472785051,요약문
472785052,요약문
472785053,요약문
472785054,요약문
472785055,요약문
472785056,요약문
472785057,요약문
472785058,요약문
472785059,요약문
472785060,요약문
472785061,요약문
472785062,요약문
472785063,요약문
472785064,요약문
472785065,요약문
472785066,요약문
472785067,요약문
472785068,요약문
472785069,요약문
472785070,요약문
472785071,요약문
472785072,요약문
472785073,요약문
472785074,요약문
472785075,요약문
472785076,요약문
472785077,요약문
472785078,요약문
472785079,요약문
472785080,요약문
472785081,요약문
472785082,요약문
472785083,요약문
472785084,요약문
472785085,요약문
472785086,요약문
472785087,요약문
472785088,요약문
472785089,요약문
472785090,요약문
472785091,요약문
472785092,요약문
472785093,요약문
472785094,요약문
472785095,요약문
472785096,요약문
472785097,요약문
472785098,요약문
472785099,요약문
472785100,요약문
472785101,요약문
472785102,요약문
472785103,요약문
472785104,요약문
472785105,요약문
472785106,요약문
472785107,요약문
472785108,요약문
472785109,요약문
472785110,요약문
472785111,요약문
472785112,요약문
472785113,요약문
472785114,요약문
472785115,요약문
472785116,요약문
472785117,요약문
472785118,요약문
472785119,요약문
472785120,요약문
472785121,요약문
472785122,요약문
472785123,요약문
472785124,요약문
472785125,요약문
472785126,요약문
472785127,요약문
472785128,요약문
472785129,요약문
472785130,요약문
472785131,요약문
472785132,요약문
472785133,요약문
472785134,요약문
472785135,요약문
472785136,요약문
472785137,요약문
472785138,요약문
472785139,요약문
472785140,요약문
472785141,요약문
472785142,요약문
472785143,요약문
472785144,요약문
472785145,요약문
472785146,요약문
472785147,요약문
472785148,요약문
472785149,요약문
472785150,요약문
472785151,요약문
472785152,요약문
472785153,요약문
472785154,요약문
472785155,요약문
472785156,요약문
472785157,요약문
472785158,요약문
472785159,요약문
472785160,요약문
472785161,요약문
472785162,요약문
472785163,요약문
472785164,요약문
472785165,요약문
472785166,요약문
472785167,요약문
472785168,요약문
472785169,요약문
472785170,요약문
472785171,요약문
472785172,요약문
472785173,요약문
472785174,요약문
472785175,요약문
472785176,요약문
472785177,요약문
472785178,요약문
472785179,요약문
472785180,요약문
472785181,요약문
472785182,요약문
472785183,요약문
472785184,요약문
472785185,요약문
472785186,요약문
472785187,요약문
472785188,요약문
472785189,요약문
472785190,요약문
472785191,요약문
472785192,요약문
472785193,요약문
472785194,요약문
472785195,요약문
472785196,요약문
472785197,요약문
472785198,요약문
472785199,요약문
472785200,요약문
472785201,요약문
472785202,요약문
472785203,요약문
472785204,요약문
472785205,요약문
472785206,요약문
472785207,요약문
472785208,요약문
472785209,요약문
472785210,요약문
472785211,요약문
472785212,요약문
472785213,요약문
472785214,요약문
472785215,요약문
472785216,요약문
472785217,요약문
472785218,요약문
472785219,요약문
472785220,요약문
472785221,요약문
472785222,요약문
472785223,요약문
472785224,요약문
472785225,요약문
472785226,요약문
472785227,요약문
472785228,요약문
472785229,요약문
472785230,요약문
472785231,요약문
472785232,요약문
472785233,요약문
472785234,요약문
472785235,요약문
472785236,요약문
472785237,요약문
472785238,요약문
472785239,요약문
472785240,요약문
472785241,요약문
472785242,요약문
472785243,요약문
472785244,요약문
472785245,요약문
472785246,요약문
472785247,요약문
472785248,요약문
472785249,요약문
472785250,요약문
472785251,요약문
472785252,요약문
472785253,요약문
472785254,요약문
472785255,요약문
472785256,요약문
472785257,요약문
472785258,요약문
472785259,요약문
472785260,요약문
472785261,요약문
472785262,요약문
472785263,요약문
472785264,요약문
472785265,요약문
472785266,요약문
472785267,요약문
472785268,요약문
472785269,요약문
472785270,요약문
472785271,요약문
472785272,요약문
472785273,요약문
472785274,요약문
472785275,요약문
472785276,요약문
472785277,요약문
472785278,요약문
472785279,요약문
472785280,요약문
472785281,요약문
472785282,요약문
472785283,요약문
472785284,요약문
472785285,요약문
472785286,요약문
472785287,요약문
472785288,요약문
472785289,요약문
472785290,요약문
472785291,요약문
472785292,요약문
472785293,요약문
472785294,요약문
472785295,요약문
472785296,요약문
472785297,요약문
472785298,요약문
472785299,요약문
472785300,요약문
472785301,요약문
472785302,요약문
472785303,요약문
472785304,요약문
472785305,요약문
472785306,요약문
472785307,요약문
472785308,요약문
472785309,요약문
472785310,요약문
472785311,요약문
472785312,요약문
472785313,요약문
472785314,요약문
472785315,요약문
472785316,요약문
472785317,요약문
472785318,요약문
472785319,요약문
472785320,요약문
472785321,요약문
472785322,요약문
472785323,요약문
472785324,요약문
472785325,요약문
472785326,요약문
472785327,요약문
472785328,요약문
472785329,요약문
472785330,요약문
472785331,요약문
472785332,요약문
472785333,요약문
472785334,요약문
472785335,요약문
472785336,요약문
472785337,요약문
472785338,요약문
472785339,요약문
472785340,요약문
472785341,요약문
472785342,요약문
472785343,요약문
472785344,요약문
472785345,요약문
472785346,요약문
472785347,요약문
472785348,요약문
472785349,요약문
472785350,요약문
472785351,요약문
472785352,요약문
472785353,요약문
472785354,요약문
472785355,요약문
472785356,요약문
472785357,요약문
472785358,요약문
472785359,요약문
472785360,요약문
472785361,요약문
472785362,요약문
472785363,요약문
472785364,요약문
472785365,요약문
472785366,요약문
472785367,요약문
472785368,요약문
472785369,요약문
472785370,요약문
472785371,요약문
472785372,요약문
472785373,요약문
472785374,요약문
472785375,요약문
472785376,요약문
472785377,요약문
472785378,요약문
472785379,요약문
472785380,요약문
472785381,요약문
472785382,요약문
472785383,요약문
472785384,요약문
472785385,요약문
472785386,요약문
472785387,요약문
472785388,요약문
472785389,요약문
472785390,요약문
472785391,요약문
472785392,요약문
472785393,요약문
472785394,요약문
472785395,요약문
472785396,요약문
472785397,요약문
472785398,요약문
472785399,요약문
472785400,요약문
472785401,요약문
472785402,요약문
472785403,요약문
472785404,요약문
472785405,요약문
472785406,요약문
472785407,요약문
472785408,요약문
472785409,요약문
472785410,요약문
472785411,요약문
472785412,요약문
472785413,요약문
472785414,요약문
472785415,요약문
472785416,요약문
472785417,요약문
472785418,요약문
472785419,요약문
472785420,요약문
472785421,요약문
472785422,요약문
472785423,요약문
472785424,요약문
472785425,요약문
472785426,요약문
472785427,요약문
472785428,요약문
472785429,요약문
472785430,요약문
472785431,요약문
472785432,요약문
472785433,요약문
472785434,요약문
472785435,요약문
472785436,요약문
472785437,요약문
472785438,요약문
472785439,요약문
472785440,요약문
472785441,요약문
472785442,요약문
472785443,요약문
472785444,요약문
472785445,요약문
472785446,요약문
472785447,요약문
472785448,요약문
472785449,요약문
472785450,요약문
472785451,요약문
472785452,요약문
472785453,요약문
472785454,요약문
472785455,요약문
472785456,요약문
472785457,요약문
472785458,요약문
472785459,요약문
472785460,요약문
472785461,요약문
472785462,요약문
472785463,요약문
472785464,요약문
472785465,요약문
472785466,요약문
472785467,요약문
472785468,요약문
472785469,요약문
472785470,요약문
472785471,요약문
472785472,요약문
472785473,요약문
472785474,요약문
472785475,요약문
472785476,요약문
472785477,요약문
472785478,요약문
472785479,요약문
472785480,요약문
472785481,요약문
472785482,요약문
472785483,요약문
472785484,요약문
472785485,요약문
472785486,요약문
472785487,요약문
472785488,요약문
472785489,요약문
472785490,요약문
472785491,요약문
472785492,요약문
472785493,요약문
472785494,요약문
472785495,요약문
472785496,요약문
472785497,요약문
472785498,요약문
472785499,요약문
472785500,요약문
472785501,요약문
472785502,요약문
472785503,요약문
472785504,요약문
472785505,요약문
472785506,요약문
472785507,요약문
472785508,요약문
472785509,요약문
472785510,요약문
472785511,요약문
472785512,요약문
472785513,요약문
472785514,요약문
472785515,요약문
472785516,요약문
472785517,요약문
472785518,요약문
472785519,요약문
472785520,요약문
472785521,요약문
472785522,요약문
472785523,요약문
472785524,요약문
472785525,요약문
472785526,요약문
472785527,요약문
472785528,요약문
472785529,요약문
472785530,요약문
472785531,요약문
472785532,요약문
472785533,요약문
472785534,요약문
472785535,요약문
472785536,요약문
472785537,요약문
472785538,요약문
472785539,요약문
472785540,요약문
472785541,요약문
472785542,요약문
472785543,요약문
472785544,요약문
472785545,요약문
472785546,요약문
472785547,요약문
472785548,요약문
472785549,요약문
472785550,요약문
472785551,요약문
472785552,요약문
472785553,요약문
472785554,요약문
472785555,요약문
472785556,요약문
472785557,요약문
472785558,요약문
472785559,요약문
472785560,요약문
472785561,요약문
472785562,요약문
472785563,요약문
472785564,요약문
472785565,요약문
472785566,요약문
472785567,요약문
472785568,요약문
472785569,요약문
472785570,요약문
472785571,요약문
472785572,요약문
472785573,요약문
472785574,요약문
472785575,요약문
472785576,요약문
472785577,요약문
472785578,요약문
472785579,요약문
472785580,요약문
472785581,요약문
472785582,요약문
472785583,요약문
472785584,요약문
472785585,요약문
472785586,요약문
472785587,요약문
472785588,요약문
472785589,요약문
472785590,요약문
472785591,요약문
472785592,요약문
472785593,요약문
472785594,요약문
472785595,요약문
472785596,요약문
472785597,요약문
472785598,요약문
472785599,요약문
472785600,요약문
472785601,요약문
472785602,요약문
472785603,요약문
472785604,요약문
472785605,요약문
472785606,요약문
472785607,요약문
472785608,요약문
472785609,요약문
472785610,요약문
472785611,요약문
472785612,요약문
472785613,요약문
472785614,요약문
472785615,요약문
472785616,요약문
472785617,요약문
472785618,요약문
472785619,요약문
472785620,요약문
472785621,요약문
472785622,요약문
472785623,요약문
472785624,요약문
472785625,요약문
472785626,요약문
472785627,요약문
472785628,요약문
472785629,요약문
472785630,요약문
472785631,요약문
472785632,요약문
472785633,요약문
472785634,요약문
472785635,요약문
472785636,요약문
472785637,요약문
472785638,요약문
472785639,요약문
472785640,요약문
472785641,요약문
472785642,요약문
472785643,요약문
472785644,요약문
472785645,요약문
472785646,요약문
472785647,요약문
472785648,요약문
472785649,요약문
472785650,요약문
472785651,요약문
472785652,요약문
472785653,요약문
472785654,요약문
472785655,요약문
472785656,요약문
472785657,요약문
472785658,요약문
472785659,요약문
472785660,요약문
472785661,요약문
472785662,요약문
472785663,요약문
472785664,요약문
472785665,요약문
472785666,요약문
472785667,요약문
472785668,요약문
472785669,요약문
472785670,요약문
472785671,요약문
472785672,요약문
472785673,요약문
472785674,요약문
472785675,요약문
472785676,요약문
472785677,요약문
472785678,요약문
472785679,요약문
472785680,요약문
472785681,요약문
472785682,요약문
472785683,요약문
472785684,요약문
472785685,요약문
472785686,요약문
